<?xml version="1.0" encoding="UTF-8"?>
<GolfMapInformation version="1.0">
    <MapInformation>
        <Index>1</Index>
        <Name>1-searchMap.png</Name>
        <BlackTee>798,1945</BlackTee>
        <WhiteTee>771,1766</WhiteTee>
        <GoldTee />
        <BlueTee>781,1855</BlueTee>
        <RedTee />
        <TrackPoint>
            <Point>753.500000,1630.000000</Point>
            <Point>750.000000,1530.000000</Point>
            <Point>755.500000,1430.000000</Point>
            <Point>753.500000,1330.000000</Point>
            <Point>744.500000,1230.000000</Point>
            <Point>734.500000,1130.000000</Point>
            <Point>721.500000,1030.000000</Point>
            <Point>681.000000,930.000000</Point>
            <Point>653.500000,830.000000</Point>
            <Point>653.000000,730.000000</Point>
            <Point>651.000000,630.000000</Point>
            <Point>648.000000,530.000000</Point>
            <Point>629.000000,430.000000</Point>
        </TrackPoint>
        <BunkerPoints>
            <BunkerPoint>
                <DirType>left</DirType>
                <Point>667,281</Point>
            </BunkerPoint>
            <BunkerPoint>
                <DirType>up</DirType>
                <Point>697,278</Point>
            </BunkerPoint>
            <BunkerPoint>
                <DirType>down</DirType>
                <Point>658,341</Point>
            </BunkerPoint>
            <BunkerPoint>
                <DirType>right</DirType>
                <Point>721,311</Point>
            </BunkerPoint>
            <BunkerPoint>
                <DirType>left</DirType>
                <Point>733,815</Point>
            </BunkerPoint>
            <BunkerPoint>
                <DirType>up</DirType>
                <Point>757,816</Point>
            </BunkerPoint>
            <BunkerPoint>
                <DirType>down</DirType>
                <Point>751,887</Point>
            </BunkerPoint>
            <BunkerPoint>
                <DirType>right</DirType>
                <Point>784,888</Point>
            </BunkerPoint>
        </BunkerPoints>
        <WaterPoint />
    </MapInformation>
    <MapInformation>
        <Index>2</Index>
        <Name>2-searchMap.png</Name>
        <BlackTee>712,2451</BlackTee>
        <BlueTee>714,2352</BlueTee>
        <WhiteTee>707,2176</WhiteTee>
        <GoldTee />
        <RedTee />
        <TrackPoint>
            <Point>708.500000,2026.000000</Point>
            <Point>701.500000,1926.000000</Point>
            <Point>698.500000,1826.000000</Point>
            <Point>692.000000,1726.000000</Point>
            <Point>687.500000,1626.000000</Point>
            <Point>693.500000,1526.000000</Point>
            <Point>700.000000,1426.000000</Point>
            <Point>695.500000,1326.000000</Point>
            <Point>680.500000,1226.000000</Point>
            <Point>657.000000,1126.000000</Point>
            <Point>659.500000,1026.000000</Point>
            <Point>679.500000,926.000000</Point>
            <Point>688.000000,826.000000</Point>
            <Point>683.000000,726.000000</Point>
            <Point>664.000000,626.000000</Point>
            <Point>695.500000,526.000000</Point>
            <Point>754.500000,426.000000</Point>
            <Point>768.500000,326.000000</Point>
        </TrackPoint>
        <BunkerPoints>
            <BunkerPoint>
                <DirType>left</DirType>
                <Point>955,236</Point>
            </BunkerPoint>
            <BunkerPoint>
                <DirType>up</DirType>
                <Point>988,242</Point>
            </BunkerPoint>
            <BunkerPoint>
                <DirType>down</DirType>
                <Point>949,306</Point>
            </BunkerPoint>
            <BunkerPoint>
                <DirType>right</DirType>
                <Point>974,304</Point>
            </BunkerPoint>
            <BunkerPoint>
                <DirType>left</DirType>
                <Point>767,561</Point>
            </BunkerPoint>
            <BunkerPoint>
                <DirType>up</DirType>
                <Point>797,568</Point>
            </BunkerPoint>
            <BunkerPoint>
                <DirType>down</DirType>
                <Point>738,632</Point>
            </BunkerPoint>
            <BunkerPoint>
                <DirType>right</DirType>
                <Point>792,652</Point>
            </BunkerPoint>
        </BunkerPoints>
        <WaterPoint/>
    </MapInformation>
    <MapInformation>
        <Index>3</Index>
        <Name>3-searchMap.png</Name>
        <BlackTee>186,884</BlackTee>
        <BlueTee>213,808</BlueTee>
        <WhiteTee>331,707</WhiteTee>
        <GoldTee />
        <RedTee />
        <TrackPoint>
            <Point>365.500000,462.000000</Point>
            <Point>388.000000,362.000000</Point>
        </TrackPoint>
        <BunkerPoints>
            <BunkerPoint>
                <DirType>left</DirType>
                <Point>256,255</Point>
            </BunkerPoint>
            <BunkerPoint>
                <DirType>up</DirType>
                <Point>298,261</Point>
            </BunkerPoint>
            <BunkerPoint>
                <DirType>down</DirType>
                <Point>292,354</Point>
            </BunkerPoint>
            <BunkerPoint>
                <DirType>right</DirType>
                <Point>322,337</Point>
            </BunkerPoint>
        </BunkerPoints>
        <WaterPoint/>
    </MapInformation>
    <MapInformation>
        <Index>4</Index>
        <Name>4-searchMap.png</Name>
        <BlackTee>729,1998</BlackTee>
        <BlueTee>749,1907</BlueTee>
        <WhiteTee>735,1790</WhiteTee>
        <GoldTee />
        <RedTee />
        <TrackPoint>
            <Point>683.500000,1461.000000</Point>
            <Point>669.000000,1361.000000</Point>
            <Point>649.000000,1261.000000</Point>
            <Point>630.000000,1161.000000</Point>
            <Point>634.000000,1061.000000</Point>
            <Point>637.000000,961.000000</Point>
            <Point>635.500000,861.000000</Point>
            <Point>631.500000,761.000000</Point>
            <Point>641.000000,661.000000</Point>
            <Point>647.500000,561.000000</Point>
            <Point>646.000000,461.000000</Point>
            <Point>648.500000,361.000000</Point>
        </TrackPoint>
        <BunkerPoints>
            <BunkerPoint>
                <DirType>left</DirType>
                <Point>523,272</Point>
            </BunkerPoint>
            <BunkerPoint>
                <DirType>up</DirType>
                <Point>555,268</Point>
            </BunkerPoint>
            <BunkerPoint>
                <DirType>down</DirType>
                <Point>583,312</Point>
            </BunkerPoint>
            <BunkerPoint>
                <DirType>right</DirType>
                <Point>591,296</Point>
            </BunkerPoint>
        </BunkerPoints>
        <WaterPoint/>
    </MapInformation>
    <MapInformation>
        <Index>5</Index>
        <Name>5-searchMap.png</Name>
        <BlackTee>781,2068</BlackTee>
        <BlueTee>754,2003</BlueTee>
        <WhiteTee>715,1950</WhiteTee>
        <GoldTee />
        <RedTee />
        <TrackPoint>
            <Point>656.000000,1916.000000</Point>
            <Point>636.000000,1816.000000</Point>
            <Point>573.500000,1716.000000</Point>
            <Point>515.000000,1616.000000</Point>
            <Point>460.500000,1516.000000</Point>
            <Point>415.500000,1416.000000</Point>
            <Point>377.500000,1316.000000</Point>
            <Point>384.500000,1216.000000</Point>
            <Point>453.000000,1116.000000</Point>
            <Point>567.000000,1016.000000</Point>
            <Point>680.000000,916.000000</Point>
            <Point>812.500000,816.000000</Point>
            <Point>897.500000,716.000000</Point>
            <Point>906.500000,616.000000</Point>
            <Point>882.500000,516.000000</Point>
            <Point>861.500000,416.000000</Point>
        </TrackPoint>
        <BunkerPoints />
        <WaterPoint/>
    </MapInformation>
    <MapInformation>
        <Index>6</Index>
        <Name>6-searchMap.png</Name>
        <BlackTee>385,915</BlackTee>
        <BlueTee>387,816</BlueTee>
        <WhiteTee>353,689</WhiteTee>
        <GoldTee />
        <RedTee />
        <TrackPoint>
            <Point>336.000000,454.000000</Point>
            <Point>330.000000,354.000000</Point>
        </TrackPoint>
        <BunkerPoints>
            <BunkerPoint>
                <DirType>left</DirType>
                <Point>226,248</Point>
            </BunkerPoint>
            <BunkerPoint>
                <DirType>up</DirType>
                <Point>248,238</Point>
            </BunkerPoint>
            <BunkerPoint>
                <DirType>down</DirType>
                <Point>240,310</Point>
            </BunkerPoint>
            <BunkerPoint>
                <DirType>right</DirType>
                <Point>270,272</Point>
            </BunkerPoint>
            <BunkerPoint>
                <DirType>left</DirType>
                <Point>396,242</Point>
            </BunkerPoint>
            <BunkerPoint>
                <DirType>up</DirType>
                <Point>424,242</Point>
            </BunkerPoint>
            <BunkerPoint>
                <DirType>down</DirType>
                <Point>376,292</Point>
            </BunkerPoint>
            <BunkerPoint>
                <DirType>right</DirType>
                <Point>386,306</Point>
            </BunkerPoint>
        </BunkerPoints>
        <WaterPoint/>
    </MapInformation>
    <MapInformation>
        <Index>7</Index>
        <Name>7-searchMap.png</Name>
        <BlackTee>779,1582</BlackTee>
        <BlueTee>708,1471</BlueTee>
        <WhiteTee>602,1306</WhiteTee>
        <GoldTee />
        <RedTee />
        <TrackPoint>
            <Point>504.500000,1153.000000</Point>
            <Point>459.000000,1053.000000</Point>
            <Point>405.500000,953.000000</Point>
            <Point>343.500000,853.000000</Point>
            <Point>311.000000,753.000000</Point>
            <Point>322.000000,653.000000</Point>
            <Point>371.000000,553.000000</Point>
            <Point>444.000000,453.000000</Point>
            <Point>535.500000,353.000000</Point>
        </TrackPoint>
        <BunkerPoints>
            <BunkerPoint>
                <DirType>left</DirType>
                <Point>249,525</Point>
            </BunkerPoint>
            <BunkerPoint>
                <DirType>up</DirType>
                <Point>270,537</Point>
            </BunkerPoint>
            <BunkerPoint>
                <DirType>down</DirType>
                <Point>204,585</Point>
            </BunkerPoint>
            <BunkerPoint>
                <DirType>right</DirType>
                <Point>240,609</Point>
            </BunkerPoint>
        </BunkerPoints>

        <WaterPoint>
            <Point>629.000000,865.000000</Point>
            <Point>531.000000,790.000000</Point>
            <Point>844.000000,790.000000</Point>
            <Point>520.000000,715.000000</Point>
            <Point>661.000000,715.000000</Point>
            <Point>751.000000,715.000000</Point>
            <Point>831.000000,715.000000</Point>
        </WaterPoint>
    </MapInformation>
    <MapInformation>
        <Index>8</Index>
        <Name>8-searchMap.png</Name>
        <BlackTee>122,984</BlackTee>
        <BlueTee>181,903</BlueTee>
        <WhiteTee>257,859</WhiteTee>
        <GoldTee />
        <RedTee />
        <TrackPoint>
            <Point>273.000000,606.000000</Point>
            <Point>289.500000,506.000000</Point>
            <Point>338.000000,406.000000</Point>
            <Point>385.500000,306.000000</Point>
        </TrackPoint>
        <BunkerPoints>
            <BunkerPoint>
                <DirType>left</DirType>
                <Point>350,212</Point>
            </BunkerPoint>
            <BunkerPoint>
                <DirType>up</DirType>
                <Point>378,212</Point>
            </BunkerPoint>
            <BunkerPoint>
                <DirType>down</DirType>
                <Point>368,264</Point>
            </BunkerPoint>
            <BunkerPoint>
                <DirType>right</DirType>
                <Point>388,248</Point>
            </BunkerPoint>
            <BunkerPoint>
                <DirType>left</DirType>
                <Point>518,164</Point>
            </BunkerPoint>
            <BunkerPoint>
                <DirType>up</DirType>
                <Point>544,128</Point>
            </BunkerPoint>
            <BunkerPoint>
                <DirType>down</DirType>
                <Point>546,192</Point>
            </BunkerPoint>
            <BunkerPoint>
                <DirType>right</DirType>
                <Point>560,172</Point>
            </BunkerPoint>
        </BunkerPoints>

        <WaterPoint>
            <Point>365.000000,915.000000</Point>
            <Point>375.000000,915.000000</Point>
            <Point>320.000000,840.000000</Point>
            <Point>468.000000,840.000000</Point>
            <Point>175.000000,765.000000</Point>
            <Point>455.000000,765.000000</Point>
            <Point>196.000000,690.000000</Point>
            <Point>267.000000,690.000000</Point>
        </WaterPoint>
    </MapInformation>
    <MapInformation>
        <Index>9</Index>
        <Name>9-searchMap.png</Name>
        <BlackTee>760,1685</BlackTee>
        <BlueTee>761,1570</BlueTee>
        <WhiteTee>750,1467</WhiteTee>
        <GoldTee />
        <RedTee />
        <TrackPoint>
            <Point>707.500000,1306.000000</Point>
            <Point>700.500000,1206.000000</Point>
            <Point>701.000000,1106.000000</Point>
            <Point>696.500000,1006.000000</Point>
            <Point>687.500000,906.000000</Point>
            <Point>672.500000,806.000000</Point>
            <Point>631.500000,706.000000</Point>
            <Point>612.000000,606.000000</Point>
            <Point>576.500000,506.000000</Point>
            <Point>518.000000,406.000000</Point>
        </TrackPoint>
        <BunkerPoints>
            <BunkerPoint>
                <DirType>left</DirType>
                <Point>291,297</Point>
            </BunkerPoint>
            <BunkerPoint>
                <DirType>up</DirType>
                <Point>303,285</Point>
            </BunkerPoint>
            <BunkerPoint>
                <DirType>down</DirType>
                <Point>339,357</Point>
            </BunkerPoint>
            <BunkerPoint>
                <DirType>right</DirType>
                <Point>354,345</Point>
            </BunkerPoint>
            <BunkerPoint>
                <DirType>left</DirType>
                <Point>459,219</Point>
            </BunkerPoint>
            <BunkerPoint>
                <DirType>up</DirType>
                <Point>480,204</Point>
            </BunkerPoint>
            <BunkerPoint>
                <DirType>down</DirType>
                <Point>477,252</Point>
            </BunkerPoint>
            <BunkerPoint>
                <DirType>right</DirType>
                <Point>501,246</Point>
            </BunkerPoint>
            <BunkerPoint>
                <DirType>left</DirType>
                <Point>702,684</Point>
            </BunkerPoint>
            <BunkerPoint>
                <DirType>up</DirType>
                <Point>699,615</Point>
            </BunkerPoint>
            <BunkerPoint>
                <DirType>down</DirType>
                <Point>726,720</Point>
            </BunkerPoint>
            <BunkerPoint>
                <DirType>right</DirType>
                <Point>756,702</Point>
            </BunkerPoint>
        </BunkerPoints>

        <WaterPoint/>
    </MapInformation>
    <MapInformation>
        <Index>10</Index>
        <Name>10-searchMap.png</Name>
        <BlackTee>429,1675</BlackTee>
        <BlueTee>444,1553</BlueTee>
        <WhiteTee>476,1437</WhiteTee>
        <GoldTee />
        <RedTee />
        <TrackPoint>
            <Point>519.500000,1283.000000</Point>
            <Point>528.000000,1183.000000</Point>
            <Point>562.000000,1083.000000</Point>
            <Point>598.000000,983.000000</Point>
            <Point>609.500000,883.000000</Point>
            <Point>626.000000,783.000000</Point>
            <Point>643.500000,683.000000</Point>
            <Point>663.500000,583.000000</Point>
            <Point>681.500000,483.000000</Point>
            <Point>696.500000,383.000000</Point>
        </TrackPoint>
        <BunkerPoints>
            <BunkerPoint>
                <DirType>left</DirType>
                <Point>678,104</Point>
            </BunkerPoint>
            <BunkerPoint>
                <DirType>up</DirType>
                <Point>717,101</Point>
            </BunkerPoint>
            <BunkerPoint>
                <DirType>down</DirType>
                <Point>687,131</Point>
            </BunkerPoint>
            <BunkerPoint>
                <DirType>right</DirType>
                <Point>750,152</Point>
            </BunkerPoint>
            <BunkerPoint>
                <DirType>left</DirType>
                <Point>636,272</Point>
            </BunkerPoint>
            <BunkerPoint>
                <DirType>up</DirType>
                <Point>648,287</Point>
            </BunkerPoint>
            <BunkerPoint>
                <DirType>down</DirType>
                <Point>621,320</Point>
            </BunkerPoint>
            <BunkerPoint>
                <DirType>right</DirType>
                <Point>642,317</Point>
            </BunkerPoint>
            <BunkerPoint>
                <DirType>left</DirType>
                <Point>771,221</Point>
            </BunkerPoint>
            <BunkerPoint>
                <DirType>up</DirType>
                <Point>801,221</Point>
            </BunkerPoint>
            <BunkerPoint>
                <DirType>down</DirType>
                <Point>753,269</Point>
            </BunkerPoint>
            <BunkerPoint>
                <DirType>right</DirType>
                <Point>774,275</Point>
            </BunkerPoint>
        </BunkerPoints>
        <WaterPoint/>
    </MapInformation>
    <MapInformation>
        <Index>11</Index>
        <Name>11-searchMap.png</Name>
        <BlackTee>625,1546</BlackTee>
        <BlueTee>672,1494</BlueTee>
        <WhiteTee>625,1460</WhiteTee>
        <GoldTee />
        <RedTee />
        <TrackPoint>
            <Point>581.000000,1202.000000</Point>
            <Point>582.000000,1102.000000</Point>
            <Point>561.000000,1002.000000</Point>
            <Point>520.500000,902.000000</Point>
            <Point>530.000000,802.000000</Point>
            <Point>527.500000,702.000000</Point>
            <Point>513.000000,602.000000</Point>
            <Point>519.500000,502.000000</Point>
            <Point>532.500000,402.000000</Point>
        </TrackPoint>
        <BunkerPoints>
            <BunkerPoint>
                <DirType>left</DirType>
                <Point>630,272</Point>
            </BunkerPoint>
            <BunkerPoint>
                <DirType>up</DirType>
                <Point>663,293</Point>
            </BunkerPoint>
            <BunkerPoint>
                <DirType>down</DirType>
                <Point>606,344</Point>
            </BunkerPoint>
            <BunkerPoint>
                <DirType>right</DirType>
                <Point>669,383</Point>
            </BunkerPoint>
            <BunkerPoint>
                <DirType>left</DirType>
                <Point>597,446</Point>
            </BunkerPoint>
            <BunkerPoint>
                <DirType>up</DirType>
                <Point>630,425</Point>
            </BunkerPoint>
            <BunkerPoint>
                <DirType>down</DirType>
                <Point>639,503</Point>
            </BunkerPoint>
            <BunkerPoint>
                <DirType>right</DirType>
                <Point>663,482</Point>
            </BunkerPoint>
            <BunkerPoint>
                <DirType>left</DirType>
                <Point>594,557</Point>
            </BunkerPoint>
            <BunkerPoint>
                <DirType>up</DirType>
                <Point>666,608</Point>
            </BunkerPoint>
            <BunkerPoint>
                <DirType>down</DirType>
                <Point>633,626</Point>
            </BunkerPoint>
            <BunkerPoint>
                <DirType>right</DirType>
                <Point>645,674</Point>
            </BunkerPoint>
        </BunkerPoints>
        <WaterPoint/>
    </MapInformation>
    <MapInformation>
        <Index>12</Index>
        <Name>12-searchMap.png</Name>
        <BlackTee>326,796</BlackTee>
        <BlueTee>204,683</BlueTee>
        <WhiteTee>201,576</WhiteTee>
        <GoldTee />
        <RedTee />
        <TrackPoint>
            <Point>266.500000,427.000000</Point>
            <Point>270.500000,327.000000</Point>
            <Point>282.000000,227.000000</Point>
        </TrackPoint>
        <BunkerPoints/>
        <WaterPoint/>
    </MapInformation>
    <MapInformation>
        <Index>13</Index>
        <Name>13-searchMap.png</Name>
        <BlackTee>365,1571</BlackTee>
        <BlueTee>394,1507</BlueTee>
        <WhiteTee>430,1437</WhiteTee>
        <GoldTee />
        <RedTee />
        <TrackPoint>
            <Point>545.500000,1243.000000</Point>
            <Point>569.000000,1143.000000</Point>
            <Point>607.000000,1043.000000</Point>
            <Point>638.500000,943.000000</Point>
            <Point>666.000000,843.000000</Point>
            <Point>677.500000,743.000000</Point>
            <Point>666.500000,643.000000</Point>
            <Point>620.500000,543.000000</Point>
            <Point>556.500000,443.000000</Point>
            <Point>515.500000,343.000000</Point>
        </TrackPoint>
        <BunkerPoints>
            <BunkerPoint>
                <DirType>left</DirType>
                <Point>390,132</Point>
            </BunkerPoint>
            <BunkerPoint>
                <DirType>up</DirType>
                <Point>417,144</Point>
            </BunkerPoint>
            <BunkerPoint>
                <DirType>down</DirType>
                <Point>357,180</Point>
            </BunkerPoint>
            <BunkerPoint>
                <DirType>right</DirType>
                <Point>375,189</Point>
            </BunkerPoint>
            <BunkerPoint>
                <DirType>left</DirType>
                <Point>378,306</Point>
            </BunkerPoint>
            <BunkerPoint>
                <DirType>up</DirType>
                <Point>432,324</Point>
            </BunkerPoint>
            <BunkerPoint>
                <DirType>down</DirType>
                <Point>354,342</Point>
            </BunkerPoint>
            <BunkerPoint>
                <DirType>right</DirType>
                <Point>435,345</Point>
            </BunkerPoint>
        </BunkerPoints>
        <WaterPoint/>
    </MapInformation>
    <MapInformation>
        <Index>14</Index>
        <Name>14-searchMap.png</Name>
        <BlackTee>622,1730</BlackTee>
        <BlueTee>606,1647</BlueTee>
        <WhiteTee>601,1587</WhiteTee>
        <GoldTee />
        <RedTee />
        <TrackPoint>
            <Point>582.500000,1438.000000</Point>
            <Point>573.500000,1338.000000</Point>
            <Point>562.500000,1238.000000</Point>
            <Point>554.000000,1138.000000</Point>
            <Point>548.000000,1038.000000</Point>
            <Point>523.000000,938.000000</Point>
            <Point>545.000000,838.000000</Point>
            <Point>549.500000,738.000000</Point>
            <Point>580.000000,638.000000</Point>
            <Point>608.000000,538.000000</Point>
            <Point>620.500000,438.000000</Point>
            <Point>630.500000,338.000000</Point>
        </TrackPoint>
        <BunkerPoints>
            <BunkerPoint>
                <DirType>left</DirType>
                <Point>669,341</Point>
            </BunkerPoint>
            <BunkerPoint>
                <DirType>up</DirType>
                <Point>723,314</Point>
            </BunkerPoint>
            <BunkerPoint>
                <DirType>down</DirType>
                <Point>693,362</Point>
            </BunkerPoint>
            <BunkerPoint>
                <DirType>right</DirType>
                <Point>714,368</Point>
            </BunkerPoint>
        </BunkerPoints>
        <WaterPoint>
            <Point>433.000000,667.000000</Point>
            <Point>441.000000,667.000000</Point>
            <Point>395.000000,592.000000</Point>
            <Point>493.000000,592.000000</Point>
            <Point>416.000000,517.000000</Point>
            <Point>531.000000,517.000000</Point>
            <Point>413.000000,442.000000</Point>
            <Point>534.000000,442.000000</Point>
            <Point>438.000000,367.000000</Point>
            <Point>564.000000,367.000000</Point>
            <Point>411.000000,292.000000</Point>
            <Point>582.000000,292.000000</Point>
            <Point>283.000000,217.000000</Point>
            <Point>568.000000,217.000000</Point>
        </WaterPoint>
    </MapInformation>
    <MapInformation>
        <Index>15</Index>
        <Name>15-searchMap.png</Name>
        <BlackTee>330,781</BlackTee>
        <BlueTee>326,691</BlueTee>
        <WhiteTee>314,581</WhiteTee>
        <GoldTee />
        <RedTee />
        <TrackPoint>
            <Point>289.000000,335.000000</Point>
            <Point>275.500000,235.000000</Point>
        </TrackPoint>
        <BunkerPoints/>
        <WaterPoint>
            <Point>87.000000,655.000000</Point>
            <Point>97.000000,655.000000</Point>
            <Point>1.000000,580.000000</Point>
            <Point>236.000000,580.000000</Point>
            <Point>4.000000,505.000000</Point>
            <Point>21.000000,505.000000</Point>
            <Point>91.000000,505.000000</Point>
            <Point>237.000000,505.000000</Point>
            <Point>129.000000,430.000000</Point>
            <Point>244.000000,430.000000</Point>
            <Point>182.000000,355.000000</Point>
            <Point>221.000000,355.000000</Point>
        </WaterPoint>
    </MapInformation>
    <MapInformation>
        <Index>16</Index>
        <Name>16-searchMap.png</Name>
        <BlackTee>938,2474</BlackTee>
        <BlueTee>934,2403</BlueTee>
        <WhiteTee>905,2324</WhiteTee>
        <GoldTee />
        <RedTee />
        <TrackPoint>
            <Point>890.500000,2270.000000</Point>
            <Point>875.000000,2170.000000</Point>
            <Point>865.000000,2070.000000</Point>
            <Point>846.000000,1938.000000</Point>
            <Point>835.500000,1838.000000</Point>
            <Point>830.000000,1738.000000</Point>
            <Point>816.000000,1638.000000</Point>
            <Point>799.000000,1538.000000</Point>
            <Point>784.000000,1438.000000</Point>
            <Point>764.000000,1338.000000</Point>
            <Point>749.500000,1238.000000</Point>
            <Point>734.000000,1138.000000</Point>
            <Point>714.500000,1038.000000</Point>
            <Point>692.000000,938.000000</Point>
            <Point>674.500000,838.000000</Point>
            <Point>656.000000,738.000000</Point>
            <Point>642.500000,638.000000</Point>
            <Point>670.500000,538.000000</Point>
            <Point>634.500000,438.000000</Point>
            <Point>631.000000,338.000000</Point>
        </TrackPoint>
        <BunkerPoints>
            <BunkerPoint>
                <DirType>left</DirType>
                <Point>755,154</Point>
            </BunkerPoint>
            <BunkerPoint>
                <DirType>up</DirType>
                <Point>777,164</Point>
            </BunkerPoint>
            <BunkerPoint>
                <DirType>down</DirType>
                <Point>799,118</Point>
            </BunkerPoint>
            <BunkerPoint>
                <DirType>right</DirType>
                <Point>807,168</Point>
            </BunkerPoint>
            <BunkerPoint>
                <DirType>left</DirType>
                <Point>839,234</Point>
            </BunkerPoint>
            <BunkerPoint>
                <DirType>up</DirType>
                <Point>885,232</Point>
            </BunkerPoint>
            <BunkerPoint>
                <DirType>down</DirType>
                <Point>859,252</Point>
            </BunkerPoint>
            <BunkerPoint>
                <DirType>right</DirType>
                <Point>849,280</Point>
            </BunkerPoint>
            <BunkerPoint>
                <DirType>left</DirType>
                <Point>699,198</Point>
            </BunkerPoint>
            <BunkerPoint>
                <DirType>up</DirType>
                <Point>727,200</Point>
            </BunkerPoint>
            <BunkerPoint>
                <DirType>down</DirType>
                <Point>721,226</Point>
            </BunkerPoint>
            <BunkerPoint>
                <DirType>right</DirType>
                <Point>689,228</Point>
            </BunkerPoint>
        </BunkerPoints>
        <WaterPoint/>
    </MapInformation>
    <MapInformation>
        <Index>17</Index>
        <Name>17-searchMap.png</Name>
        <BlackTee>812,1983</BlackTee>
        <BlueTee>774,1864</BlueTee>
        <WhiteTee>768,1738</WhiteTee>
        <GoldTee />
        <RedTee />
        <TrackPoint>
            <Point>667.000000,1439.000000</Point>
            <Point>650.000000,1339.000000</Point>
            <Point>622.500000,1239.000000</Point>
            <Point>599.500000,1139.000000</Point>
            <Point>579.500000,1039.000000</Point>
            <Point>560.500000,939.000000</Point>
            <Point>542.000000,839.000000</Point>
            <Point>526.500000,739.000000</Point>
            <Point>531.500000,639.000000</Point>
            <Point>559.500000,539.000000</Point>
            <Point>608.000000,439.000000</Point>
            <Point>657.000000,339.000000</Point>
        </TrackPoint>
        <BunkerPoints>
            <BunkerPoint>
                <DirType>left</DirType>
                <Point>639,149</Point>
            </BunkerPoint>
            <BunkerPoint>
                <DirType>up</DirType>
                <Point>675,158</Point>
            </BunkerPoint>
            <BunkerPoint>
                <DirType>down</DirType>
                <Point>639,203</Point>
            </BunkerPoint>
            <BunkerPoint>
                <DirType>right</DirType>
                <Point>663,209</Point>
            </BunkerPoint>
            <BunkerPoint>
                <DirType>left</DirType>
                <Point>714,365</Point>
            </BunkerPoint>
            <BunkerPoint>
                <DirType>up</DirType>
                <Point>738,350</Point>
            </BunkerPoint>
            <BunkerPoint>
                <DirType>down</DirType>
                <Point>762,395</Point>
            </BunkerPoint>
            <BunkerPoint>
                <DirType>right</DirType>
                <Point>780,365</Point>
            </BunkerPoint>
            <BunkerPoint>
                <DirType>left</DirType>
                <Point>633,626</Point>
            </BunkerPoint>
            <BunkerPoint>
                <DirType>up</DirType>
                <Point>666,569</Point>
            </BunkerPoint>
            <BunkerPoint>
                <DirType>down</DirType>
                <Point>636,671</Point>
            </BunkerPoint>
            <BunkerPoint>
                <DirType>right</DirType>
                <Point>678,680</Point>
            </BunkerPoint>
            <BunkerPoint>
                <DirType>left</DirType>
                <Point>639,716</Point>
            </BunkerPoint>
            <BunkerPoint>
                <DirType>up</DirType>
                <Point>666,755</Point>
            </BunkerPoint>
            <BunkerPoint>
                <DirType>down</DirType>
                <Point>651,803</Point>
            </BunkerPoint>
            <BunkerPoint>
                <DirType>right</DirType>
                <Point>699,776</Point>
            </BunkerPoint>
            <BunkerPoint>
                <DirType>left</DirType>
                <Point>426,572</Point>
            </BunkerPoint>
            <BunkerPoint>
                <DirType>up</DirType>
                <Point>471,572</Point>
            </BunkerPoint>
            <BunkerPoint>
                <DirType>down</DirType>
                <Point>447,635</Point>
            </BunkerPoint>
            <BunkerPoint>
                <DirType>right</DirType>
                <Point>420,632</Point>
            </BunkerPoint>
        </BunkerPoints>
        <WaterPoint/>
    </MapInformation>
    <MapInformation>
        <Index>18</Index>
        <Name>18-searchMap.png</Name>
        <BlackTee>785,2448</BlackTee>
        <BlueTee>786,2337</BlueTee>
        <WhiteTee>790,2255</WhiteTee>
        <GoldTee />
        <RedTee />
        <TrackPoint>
            <Point>795.000000,1932.000000</Point>
            <Point>779.500000,1832.000000</Point>
            <Point>764.000000,1732.000000</Point>
            <Point>764.000000,1632.000000</Point>
            <Point>760.000000,1532.000000</Point>
            <Point>751.500000,1432.000000</Point>
            <Point>747.500000,1332.000000</Point>
            <Point>758.500000,1232.000000</Point>
            <Point>748.500000,1132.000000</Point>
            <Point>737.000000,1032.000000</Point>
            <Point>724.000000,932.000000</Point>
            <Point>713.500000,832.000000</Point>
            <Point>731.500000,732.000000</Point>
            <Point>750.000000,632.000000</Point>
            <Point>764.500000,532.000000</Point>
            <Point>784.000000,432.000000</Point>
            <Point>790.500000,332.000000</Point>
        </TrackPoint>
        <BunkerPoints>
            <BunkerPoint>
                <DirType>left</DirType>
                <Point>732,248</Point>
            </BunkerPoint>
            <BunkerPoint>
                <DirType>up</DirType>
                <Point>768,251</Point>
            </BunkerPoint>
            <BunkerPoint>
                <DirType>down</DirType>
                <Point>774,302</Point>
            </BunkerPoint>
            <BunkerPoint>
                <DirType>right</DirType>
                <Point>744,308</Point>
            </BunkerPoint>
        </BunkerPoints>
        <WaterPoint/>
    </MapInformation>
</GolfMapInformation>
