<?xml version="1.0" encoding="UTF-8" ?>
<GolfTracks>
<GolfTrack>
	<MapImageName>Hole_1.jpeg</MapImageName>
	<MapIndex>1</MapIndex>
	<NextMapIndex>2</NextMapIndex>
	<IsBeginMap>1</IsBeginMap>
	<ImageSize>1138,2023</ImageSize>
	<PixelSize>0.218</PixelSize>
	<TrackCenterPoint>585,261</TrackCenterPoint>
	<BlackTee>798,1945</BlackTee>
    <BlueTee>781,1855</BlueTee>
	<WhiteTee>771,1766</WhiteTee>
	<SearchMapName>1-searchMap.png</SearchMapName>
    <GPSCenterPoint>47.657022,-122.146384</GPSCenterPoint>
    <Rotation>90</Rotation>
	<TrackKeyPoint>
		<Point>756,1616</Point>
		<Point>759,1479</Point>
		<Point>753,1247</Point>
		<Point>727,1021</Point>
		<Point>662,882</Point>
		<Point>656,623</Point>
		<Point>660,604</Point>
        <Point>632,436</Point>
        <Point>617,361</Point>
	</TrackKeyPoint>
	<GreenMapName>Green-1.jpg</GreenMapName>
	<HeightMapName>H1.png</HeightMapName>
	<GreenMapPixelSize>0.03</GreenMapPixelSize>
	<GreenCenterPoint>600,638</GreenCenterPoint>
    <GreenImageSize>1200,1275</GreenImageSize>
    <LineHeight>30</LineHeight>
    <GreenPartitions>
        <GreenPartition>
            <Point>372,390</Point>
            <Width>330</Width>
            <Height>235</Height>
        </GreenPartition>
        <GreenPartition>
            <Point>441,324</Point>
            <Width>201</Width>
            <Height>412</Height>
        </GreenPartition>
        <GreenPartition>
            <Point>584,458</Point>
            <Width>162</Width>
            <Height>510</Height>
        </GreenPartition>
        <GreenPartition>
            <Point>645,556</Point>
            <Width>211</Width>
            <Height>235</Height>
        </GreenPartition>
        <GreenPartition>
            <Point>490,740</Point>
            <Width>319</Width>
            <Height>151</Height>
        </GreenPartition>
    </GreenPartitions>
</GolfTrack>

<GolfTrack>
	<MapImageName>Hole_2.jpg</MapImageName>
	<MapIndex>2</MapIndex>
	<NextMapIndex>3</NextMapIndex>
	<ImageSize>1431,2544</ImageSize>
	<PixelSize>0.218</PixelSize>
	<TrackCenterPoint>861,258</TrackCenterPoint>
    <BlackTee>712,2451</BlackTee>
    <BlueTee>714,2352</BlueTee>
    <WhiteTee>707,2176</WhiteTee>
	<SearchMapName>2-searchMap.png</SearchMapName>
    <GPSCenterPoint>47.657702,-122.151781</GPSCenterPoint>
    <Rotation>-90</Rotation>
	<TrackKeyPoint>
		<Point>706,2018</Point>
		<Point>696,1734</Point>
		<Point>701,1368</Point>
		<Point>668,1165</Point>
        <Point>668,986</Point>
        <Point>692,767</Point>
        <Point>671,595</Point>
        <Point>733,450</Point>
        <Point>798,338</Point>
	</TrackKeyPoint>
	<GreenMapName>Green-2.jpg</GreenMapName>
	<HeightMapName>H2.png</HeightMapName>
    <GreenMapPixelSize>0.03</GreenMapPixelSize>
    <GreenCenterPoint>600,638</GreenCenterPoint>
    <GreenImageSize>1200,1275</GreenImageSize>
    <LineHeight>36</LineHeight>
    <GreenPartitions>
        <GreenPartition>
            <Point>234,457</Point>
            <Width>765</Width>
            <Height>326</Height>
        </GreenPartition>
        <GreenPartition>
            <Point>327,394</Point>
            <Width>333</Width>
            <Height>492</Height>
        </GreenPartition>
        <GreenPartition>
            <Point>662,344</Point>
            <Width>249</Width>
            <Height>541</Height>
        </GreenPartition>
        <GreenPartition>
            <Point>417,504</Point>
            <Width>422</Width>
            <Height>458</Height>
        </GreenPartition>
    </GreenPartitions>
</GolfTrack>

<GolfTrack>
	<MapImageName>Hole_3.jpeg</MapImageName>
	<MapIndex>3</MapIndex>
	<NextMapIndex>4</NextMapIndex>
	<ImageSize>540,960</ImageSize>
	<PixelSize>0.218</PixelSize>
	<TrackCenterPoint>358,266</TrackCenterPoint>
    <BlackTee>186,884</BlackTee>
    <BlueTee>213,808</BlueTee>
    <WhiteTee>331,707</WhiteTee>
	<SearchMapName>3-searchMap.png</SearchMapName>
    <GPSCenterPoint>47.658232,-122.150791</GPSCenterPoint>
    <Rotation>90</Rotation>
	<TrackKeyPoint>
		<Point>355,462</Point>
		<Point>385,337</Point>
	</TrackKeyPoint>
	<GreenMapName>Green-3.jpg</GreenMapName>
	<HeightMapName>H3.png</HeightMapName>
    <GreenMapPixelSize>0.03</GreenMapPixelSize>
    <GreenCenterPoint>600,638</GreenCenterPoint>
    <GreenImageSize>1200,1275</GreenImageSize>
    <LineHeight>30</LineHeight>
    <GreenPartitions>
        <GreenPartition>
            <Point>433,257</Point>
            <Width>350</Width>
            <Height>362</Height>
        </GreenPartition>
        <GreenPartition>
            <Point>362,426</Point>
            <Width>501</Width>
            <Height>362</Height>
        </GreenPartition>
        <GreenPartition>
            <Point>502,288</Point>
            <Width>248</Width>
            <Height>741</Height>
        </GreenPartition>
        <GreenPartition>
            <Point>409,622</Point>
            <Width>410</Width>
            <Height>333</Height>
        </GreenPartition>
    </GreenPartitions>
</GolfTrack>

<GolfTrack>
	<MapImageName>Hole_4.jpeg</MapImageName>
	<MapIndex>4</MapIndex>
	<NextMapIndex>5</NextMapIndex>
	<ImageSize>1179,2096</ImageSize>
	<PixelSize>0.218</PixelSize>
	<TrackCenterPoint>632,229</TrackCenterPoint>
    <BlackTee>729,1998</BlackTee>
    <BlueTee>749,1907</BlueTee>
    <WhiteTee>735,1790</WhiteTee>
	<SearchMapName>4-searchMap.png</SearchMapName>
    <GPSCenterPoint>47.658028,-122.146307</GPSCenterPoint>
    <Rotation>90</Rotation>
	<TrackKeyPoint>		
		<Point>689,1457</Point>
		<Point>650,1254</Point>
		<Point>635,1165</Point>
		<Point>641,963</Point>
        <Point>638,749</Point>
        <Point>654,402</Point>
        <Point>651,302</Point>
	</TrackKeyPoint>
	<GreenMapName>Green-4.jpg</GreenMapName>
	<HeightMapName>H4.png</HeightMapName>
    <GreenMapPixelSize>0.03</GreenMapPixelSize>
    <GreenCenterPoint>600,638</GreenCenterPoint>
    <GreenImageSize>1200,1275</GreenImageSize>
    <LineHeight>36</LineHeight>
    <GreenPartitions>
        <GreenPartition>
            <Point>267,425</Point>
            <Width>238</Width>
            <Height>275</Height>
        </GreenPartition>
        <GreenPartition>
            <Point>394,319</Point>
            <Width>368</Width>
            <Height>306</Height>
        </GreenPartition>
        <GreenPartition>
            <Point>509,446</Point>
            <Width>415</Width>
            <Height>380</Height>
        </GreenPartition>
        <GreenPartition>
            <Point>355,629</Point>
            <Width>149</Width>
            <Height>247</Height>
        </GreenPartition>
        <GreenPartition>
            <Point>508,629</Point>
            <Width>293</Width>
            <Height>345</Height>
        </GreenPartition>
    </GreenPartitions>
</GolfTrack>

<GolfTrack>
	<MapImageName>Hole_5.jpeg</MapImageName>
	<MapIndex>5</MapIndex>
	<NextMapIndex>6</NextMapIndex>
	<ImageSize>1215,2160</ImageSize>
	<PixelSize>0.218</PixelSize>
	<TrackCenterPoint>821,265</TrackCenterPoint>
    <BlackTee>781,2068</BlackTee>
    <BlueTee>754,2003</BlueTee>
    <WhiteTee>715,1950</WhiteTee>
	<SearchMapName>5-searchMap.png</SearchMapName>
    <GPSCenterPoint>47.660294,-122.150118</GPSCenterPoint>
    <Rotation>-56</Rotation>
	<TrackKeyPoint>
		<Point>675,1907</Point>
		<Point>578,1710</Point>
		<Point>468,1512</Point>
		<Point>383,1338</Point>
		<Point>392,1186</Point>
		<Point>680,928</Point>
        <Point>877,755</Point>
        <Point>913,676</Point>
        <Point>888,531</Point>
        <Point>853,364</Point>
	</TrackKeyPoint>
	<GreenMapName>Green-5.jpg</GreenMapName>
	<HeightMapName>H5.png</HeightMapName>
    <GreenMapPixelSize>0.03</GreenMapPixelSize>
    <GreenCenterPoint>600,638</GreenCenterPoint>
    <GreenImageSize>1200,1275</GreenImageSize>
    <LineHeight>24</LineHeight>
    <GreenPartitions>
        <GreenPartition>
            <Point>272,189</Point>
            <Width>295</Width>
            <Height>303</Height>
        </GreenPartition>
        <GreenPartition>
            <Point>404,284</Point>
            <Width>259</Width>
            <Height>313</Height>
        </GreenPartition>
        <GreenPartition>
            <Point>468,496</Point>
            <Width>259</Width>
            <Height>350</Height>
        </GreenPartition>
        <GreenPartition>
            <Point>521,601</Point>
            <Width>107</Width>
            <Height>412</Height>
        </GreenPartition>
        <GreenPartition>
            <Point>631,645</Point>
            <Width>190</Width>
            <Height>464</Height>
        </GreenPartition>
        <GreenPartition>
            <Point>731,700</Point>
            <Width>190</Width>
            <Height>313</Height>
        </GreenPartition>
    </GreenPartitions>
</GolfTrack>

<GolfTrack>
	<MapImageName>Hole_6.jpeg</MapImageName>
	<MapIndex>6</MapIndex>
	<NextMapIndex>7</NextMapIndex>
	<ImageSize>612,1088</ImageSize>
	<PixelSize>0.218</PixelSize>
	<TrackCenterPoint>311,225</TrackCenterPoint>
    <BlackTee>385,915</BlackTee>
    <BlueTee>387,816</BlueTee>
    <WhiteTee>353,689</WhiteTee>
	<SearchMapName>6-searchMap.png</SearchMapName>
    <GPSCenterPoint>47.660179,-122.152747</GPSCenterPoint>
    <Rotation>-90</Rotation>
    <TrackKeyPoint>
        <Point>344,452</Point>
        <Point>327,300</Point>
    </TrackKeyPoint>
	
	<GreenMapName>Green-6.jpg</GreenMapName>
	<HeightMapName>H6.png</HeightMapName>
    <GreenMapPixelSize>0.03</GreenMapPixelSize>
    <GreenCenterPoint>600,638</GreenCenterPoint>
    <GreenImageSize>1200,1275</GreenImageSize>
    <LineHeight>34</LineHeight>
    <GreenPartitions>
        <GreenPartition>
            <Point>433,272</Point>
            <Width>357</Width>
            <Height>468</Height>
        </GreenPartition>
        <GreenPartition>
            <Point>310,367</Point>
            <Width>572</Width>
            <Height>251</Height>
        </GreenPartition>
        <GreenPartition>
            <Point>536,622</Point>
            <Width>357</Width>
            <Height>270</Height>
        </GreenPartition>
        <GreenPartition>
            <Point>643,745</Point>
            <Width>266</Width>
            <Height>270</Height>
        </GreenPartition>
    </GreenPartitions>
</GolfTrack>

<GolfTrack>
	<MapImageName>Hole_7.jpeg</MapImageName>
	<MapIndex>7</MapIndex>
	<NextMapIndex>8</NextMapIndex>
	<ImageSize>972,1728</ImageSize>
	<PixelSize>0.218</PixelSize>
	<TrackCenterPoint>623,243</TrackCenterPoint>
    <BlackTee>779,1582</BlackTee>
    <BlueTee>708,1471</BlueTee>
    <WhiteTee>602,1306</WhiteTee>
	<SearchMapName>7-searchMap.png</SearchMapName>
    <GPSCenterPoint>47.658574,-122.149583</GPSCenterPoint>
    <Rotation>125</Rotation>
	<TrackKeyPoint>
		<Point>525,1145</Point>
		<Point>383,905</Point>
		<Point>315,671</Point>
		<Point>374,554</Point>
		<Point>506,391</Point>
		<Point>584,296</Point>
	</TrackKeyPoint>
	<GreenMapName>Green-7.jpg</GreenMapName>
	<HeightMapName>H7.png</HeightMapName>
    <GreenMapPixelSize>0.03</GreenMapPixelSize>
    <GreenCenterPoint>600,638</GreenCenterPoint>
    <GreenImageSize>1200,1275</GreenImageSize>
    <LineHeight>34</LineHeight>
    <GreenPartitions>
        <GreenPartition>
            <Point>639,298</Point>
            <Width>188</Width>
            <Height>300</Height>
        </GreenPartition>
        <GreenPartition>
            <Point>542,368</Point>
            <Width>350</Width>
            <Height>231</Height>
        </GreenPartition>
        <GreenPartition>
            <Point>447,516</Point>
            <Width>188</Width>
            <Height>461</Height>
        </GreenPartition>
        <GreenPartition>
            <Point>321,603</Point>
            <Width>220</Width>
            <Height>273</Height>
        </GreenPartition>
        <GreenPartition>
            <Point>545,601</Point>
            <Width>200</Width>
            <Height>313</Height>
        </GreenPartition>
        <GreenPartition>
            <Point>641,602</Point>
            <Width>220</Width>
            <Height>231</Height>
        </GreenPartition>
    </GreenPartitions>
</GolfTrack>

<GolfTrack>
	<MapImageName>Hole_8.jpeg</MapImageName>
	<MapIndex>8</MapIndex>
	<NextMapIndex>9</NextMapIndex>
	<ImageSize>630,1120</ImageSize>
	<PixelSize>0.218</PixelSize>
	<TrackCenterPoint>454,211</TrackCenterPoint>
    <BlackTee>122,984</BlackTee>
    <BlueTee>181,903</BlueTee>
    <WhiteTee>257,859</WhiteTee>
	<SearchMapName>8-searchMap.png</SearchMapName>
    <GPSCenterPoint>47.659239,-122.152331</GPSCenterPoint>
    <Rotation>-90</Rotation>
	<TrackKeyPoint>
		<Point>253,602</Point>
		<Point>345,400</Point>
		<Point>420,270</Point>
	</TrackKeyPoint>
	<GreenMapName>Green-8.jpg</GreenMapName>
	<HeightMapName>H8.png</HeightMapName>
    <GreenMapPixelSize>0.03</GreenMapPixelSize>
    <GreenCenterPoint>600,638</GreenCenterPoint>
    <GreenImageSize>1200,1275</GreenImageSize>
    <LineHeight>30</LineHeight>
    <GreenPartitions>
        <GreenPartition>
            <Point>409,368</Point>
            <Width>169</Width>
            <Height>646</Height>
        </GreenPartition>
        <GreenPartition>
            <Point>583,291</Point>
            <Width>187</Width>
            <Height>560</Height>
        </GreenPartition>
        <GreenPartition>
            <Point>347,461</Point>
            <Width>503</Width>
            <Height>259</Height>
        </GreenPartition>
        <GreenPartition>
            <Point>349,725</Point>
            <Width>305</Width>
            <Height>215</Height>
        </GreenPartition>
    </GreenPartitions>
</GolfTrack>

<GolfTrack>	
	<MapImageName>Hole_9.jpeg</MapImageName>
	<MapIndex>9</MapIndex>
	<NextMapIndex>10</NextMapIndex>
	<ImageSize>1026,1824</ImageSize>
	<PixelSize>0.218</PixelSize>
	<TrackCenterPoint>395,278</TrackCenterPoint>
    <BlackTee>760,1685</BlackTee>
    <BlueTee>761,1570</BlueTee>
    <WhiteTee>750,1467</WhiteTee>
	<SearchMapName>9-searchMap.png</SearchMapName>
    <GPSCenterPoint>47.657204,-122.152114</GPSCenterPoint>
    <Rotation>-180</Rotation>
	<TrackKeyPoint>
		<Point>709,1304</Point>
		<Point>705,1102</Point>
		<Point>695,913</Point>
		<Point>667,785</Point>
		<Point>630,692</Point>
		<Point>600,555</Point>
        <Point>545,439</Point>
        <Point>471,336</Point>
	</TrackKeyPoint>
	<GreenMapName>Green-9.jpg</GreenMapName>
	<HeightMapName>H9.png</HeightMapName>
    <GreenMapPixelSize>0.03</GreenMapPixelSize>
    <GreenCenterPoint>600,638</GreenCenterPoint>
    <GreenImageSize>1200,1275</GreenImageSize>
    <LineHeight>40</LineHeight>
    <GreenPartitions>
        <GreenPartition>
            <Point>323,307</Point>
            <Width>344</Width>
            <Height>309</Height>
        </GreenPartition>
        <GreenPartition>
            <Point>240,370</Point>
            <Width>539</Width>
            <Height>246</Height>
        </GreenPartition>
        <GreenPartition>
            <Point>462,619</Point>
            <Width>478</Width>
            <Height>114</Height>
        </GreenPartition>
        <GreenPartition>
            <Point>670,481</Point>
            <Width>203</Width>
            <Height>510</Height>
        </GreenPartition>
        <GreenPartition>
            <Point>593,739</Point>
            <Width>385</Width>
            <Height>180</Height>
        </GreenPartition>
    </GreenPartitions>
</GolfTrack>

<GolfTrack>
	<MapImageName>Hole_10.jpeg</MapImageName>
	<MapIndex>10</MapIndex>
	<NextMapIndex>11</NextMapIndex>
	<ImageSize>1008,1792</ImageSize>
	<PixelSize>0.218</PixelSize>
	<TrackCenterPoint>705,247</TrackCenterPoint>
    <BlackTee>429,1675</BlackTee>
    <BlueTee>444,1553</BlueTee>
    <WhiteTee>476,1437</WhiteTee>
	<SearchMapName>10-searchMap.png</SearchMapName>
    <GPSCenterPoint>47.653831,-122.152990</GPSCenterPoint>
    <Rotation>-180</Rotation>
	<TrackKeyPoint>
		<Point>519,1277</Point>
		<Point>543,1127</Point>
		<Point>592,998</Point>
		<Point>623,830</Point>
		<Point>651,661</Point>
		<Point>706,338</Point>
	</TrackKeyPoint>
	<GreenMapName>Green-10.jpg</GreenMapName>
	<HeightMapName>H10.png</HeightMapName>
    <GreenMapPixelSize>0.03</GreenMapPixelSize>
    <GreenCenterPoint>600,638</GreenCenterPoint>
    <GreenImageSize>1200,1275</GreenImageSize>
    <LineHeight>26</LineHeight>
    <GreenPartitions>
        <GreenPartition>
            <Point>463,237</Point>
            <Width>271</Width>
            <Height>324</Height>
        </GreenPartition>
        <GreenPartition>
            <Point>382,321</Point>
            <Width>439</Width>
            <Height>240</Height>
        </GreenPartition>
        <GreenPartition>
            <Point>414,566</Point>
            <Width>350</Width>
            <Height>324</Height>
        </GreenPartition>
        <GreenPartition>
            <Point>463,565</Point>
            <Width>187</Width>
            <Height>459</Height>
        </GreenPartition>
    </GreenPartitions>
</GolfTrack>

<GolfTrack>
	<MapImageName>Hole_11.jpeg</MapImageName>
	<MapIndex>11</MapIndex>
	<NextMapIndex>12</NextMapIndex>
	<ImageSize>963,1712</ImageSize>
	<PixelSize>0.218</PixelSize>
	<TrackCenterPoint>597,213</TrackCenterPoint>
    <BlackTee>625,1546</BlackTee>
    <BlueTee>672,1494</BlueTee>
    <WhiteTee>625,1460</WhiteTee>
	<SearchMapName>11-searchMap.png</SearchMapName>
    <GPSCenterPoint>47.653654,-122.148589</GPSCenterPoint>
    <Rotation>90</Rotation>
	<TrackKeyPoint>
		<Point>591,1199</Point>
		<Point>575,1119</Point>
		<Point>575,1028</Point>
		<Point>526,846</Point>
		<Point>519,585</Point>
		<Point>537,409</Point>
		<Point>564,306</Point>
	</TrackKeyPoint>
	<GreenMapName>Green-11.jpg</GreenMapName>
	<HeightMapName>H11.png</HeightMapName>
    <GreenMapPixelSize>0.03</GreenMapPixelSize>
    <GreenCenterPoint>600,638</GreenCenterPoint>
    <GreenImageSize>1200,1275</GreenImageSize>
    <LineHeight>20</LineHeight>
    <GreenPartitions>
        <GreenPartition>
            <Point>369,284</Point>
            <Width>229</Width>
            <Height>718</Height>
        </GreenPartition>
        <GreenPartition>
            <Point>602,367</Point>
            <Width>169</Width>
            <Height>468</Height>
        </GreenPartition>
        <GreenPartition>
            <Point>314,404</Point>
            <Width>576</Width>
            <Height>329</Height>
        </GreenPartition>
        <GreenPartition>
            <Point>286,735</Point>
            <Width>378</Width>
            <Height>198</Height>
        </GreenPartition>
    </GreenPartitions>
</GolfTrack>

<GolfTrack>
	<MapImageName>Hole_12.jpeg</MapImageName>
	<MapIndex>12</MapIndex>
	<NextMapIndex>13</NextMapIndex>
	<ImageSize>495,880</ImageSize>
	<PixelSize>0.218</PixelSize>
	<TrackCenterPoint>296,162</TrackCenterPoint>
    <BlackTee>326,796</BlackTee>
    <BlueTee>204,683</BlueTee>
    <WhiteTee>201,576</WhiteTee>
	<SearchMapName>12-searchMap.png</SearchMapName>
    <GPSCenterPoint>47.652724,-122.146398</GPSCenterPoint>
    <Rotation>90</Rotation>
	<TrackKeyPoint>
		<Point>260,423</Point>
		<Point>287,214</Point>
	</TrackKeyPoint>
	<GreenMapName>Green-12.jpg</GreenMapName>
	<HeightMapName>H12.png</HeightMapName>
    <GreenMapPixelSize>0.03</GreenMapPixelSize>
    <GreenCenterPoint>600,638</GreenCenterPoint>
    <GreenImageSize>1200,1275</GreenImageSize>
    <LineHeight>26</LineHeight>
    <GreenPartitions>
        <GreenPartition>
            <Point>327,521</Point>
            <Width>273</Width>
            <Height>233</Height>
        </GreenPartition>
        <GreenPartition>
            <Point>603,491</Point>
            <Width>285</Width>
            <Height>233</Height>
        </GreenPartition>
        <GreenPartition>
            <Point>485,403</Point>
            <Width>240</Width>
            <Height>477</Height>
        </GreenPartition>
        <GreenPartition>
            <Point>410,448</Point>
            <Width>403</Width>
            <Height>371</Height>
        </GreenPartition>
    </GreenPartitions>
</GolfTrack>

<GolfTrack>
	<MapImageName>Hole_13.jpeg</MapImageName>
	<MapIndex>13</MapIndex>
	<NextMapIndex>14</NextMapIndex>
	<ImageSize>963,1712</ImageSize>
	<PixelSize>0.218</PixelSize>
	<TrackCenterPoint>440,240</TrackCenterPoint>
    <BlackTee>365,1571</BlackTee>
    <BlueTee>394,1507</BlueTee>
    <WhiteTee>430,1437</WhiteTee>
	<SearchMapName>13-searchMap.png</SearchMapName>
    <GPSCenterPoint>47.655351,-122.147698</GPSCenterPoint>
    <Rotation>-30</Rotation>
	<TrackKeyPoint>
		<Point>537,1234</Point>
		<Point>653,913</Point>
		<Point>685,718</Point>
		<Point>651,603</Point>
		<Point>552,424</Point>
		<Point>490,315</Point>
	</TrackKeyPoint>
	<GreenMapName>Green-13.jpg</GreenMapName>
	<HeightMapName>H13.png</HeightMapName>
    <GreenMapPixelSize>0.03</GreenMapPixelSize>
    <GreenCenterPoint>600,638</GreenCenterPoint>
    <GreenImageSize>1200,1275</GreenImageSize>
    <LineHeight>28</LineHeight>
    <GreenPartitions>
        <GreenPartition>
            <Point>566,283</Point>
            <Width>218</Width>
            <Height>325</Height>
        </GreenPartition>
        <GreenPartition>
            <Point>424,410</Point>
            <Width>445</Width>
            <Height>197</Height>
        </GreenPartition>
        <GreenPartition>
            <Point>291,616</Point>
            <Width>624</Width>
            <Height>251</Height>
        </GreenPartition>
        <GreenPartition>
            <Point>381,619</Point>
            <Width>245</Width>
            <Height>325</Height>
        </GreenPartition>
        <GreenPartition>
            <Point>629,615</Point>
            <Width>218</Width>
            <Height>368</Height>
        </GreenPartition>
    </GreenPartitions>
</GolfTrack>

<GolfTrack>
	<MapImageName>Hole_14.jpeg</MapImageName>
	<MapIndex>14</MapIndex>
	<NextMapIndex>15</NextMapIndex>
	<ImageSize>1035,1840</ImageSize>
	<PixelSize>0.218</PixelSize>
	<TrackCenterPoint>650,259</TrackCenterPoint>
    <BlackTee>622,1730</BlackTee>
    <BlueTee>606,1647</BlueTee>
    <WhiteTee>601,1587</WhiteTee>
	<SearchMapName>14-searchMap.png</SearchMapName>
    <GPSCenterPoint>47.655658,-122.144148</GPSCenterPoint>
    <Rotation>90</Rotation>
	<TrackKeyPoint>
		<Point>587,1435</Point>
		<Point>556,1179</Point>
		<Point>537,950</Point>
		<Point>541,860</Point>
		<Point>602,591</Point>
		<Point>631,325</Point>
	</TrackKeyPoint>
	<GreenMapName>Green-14.jpg</GreenMapName>
	<HeightMapName>H14.png</HeightMapName>
    <GreenMapPixelSize>0.03</GreenMapPixelSize>
    <GreenCenterPoint>600,638</GreenCenterPoint>
    <GreenImageSize>1200,1275</GreenImageSize>
    <LineHeight>32</LineHeight>
    <GreenPartitions>
        <GreenPartition>
            <Point>385,267</Point>
            <Width>336</Width>
            <Height>485</Height>
        </GreenPartition>
        <GreenPartition>
            <Point>282,344</Point>
            <Width>547</Width>
            <Height>176</Height>
        </GreenPartition>
        <GreenPartition>
            <Point>310,524</Point>
            <Width>616</Width>
            <Height>224</Height>
        </GreenPartition>
        <GreenPartition>
            <Point>385,750</Point>
            <Width>443</Width>
            <Height>155</Height>
        </GreenPartition>
        <GreenPartition>
            <Point>484,753</Point>
            <Width>237</Width>
            <Height>264</Height>
        </GreenPartition>
    </GreenPartitions>
</GolfTrack>

<GolfTrack>
	<MapImageName>Hole_15.jpeg</MapImageName>
	<MapIndex>15</MapIndex>
	<NextMapIndex>16</NextMapIndex>
	<ImageSize>495,880</ImageSize>
	<PixelSize>0.218</PixelSize>
	<TrackCenterPoint>267,152</TrackCenterPoint>
    <BlackTee>330,781</BlackTee>
    <BlueTee>326,691</BlueTee>
    <WhiteTee>314,581</WhiteTee>
	<SearchMapName>15-searchMap.png</SearchMapName>
    <GPSCenterPoint>47.656674,-122.143820</GPSCenterPoint>
    <Rotation>0</Rotation>
	<TrackKeyPoint>
		<Point>290,330</Point>
		<Point>276,221</Point>
	</TrackKeyPoint>
	<GreenMapName>Green-15.jpg</GreenMapName>
	<HeightMapName>H15.png</HeightMapName>
    <GreenMapPixelSize>0.03</GreenMapPixelSize>
    <GreenCenterPoint>600,638</GreenCenterPoint>
    <GreenImageSize>1200,1275</GreenImageSize>
    <LineHeight>30</LineHeight>
    <GreenPartitions>
        <GreenPartition>
            <Point>450,289</Point>
            <Width>233</Width>
            <Height>435</Height>
        </GreenPartition>
        <GreenPartition>
            <Point>397,399</Point>
            <Width>414</Width>
            <Height>485</Height>
        </GreenPartition>
        <GreenPartition>
            <Point>328,490</Point>
            <Width>551</Width>
            <Height>295</Height>
        </GreenPartition>
        <GreenPartition>
            <Point>483,729</Point>
            <Width>293</Width>
            <Height>267</Height>
        </GreenPartition>
    </GreenPartitions>
</GolfTrack>

<GolfTrack>
	<MapImageName>Hole_16.jpeg</MapImageName>
	<MapIndex>16</MapIndex>
	<NextMapIndex>17</NextMapIndex>
	<ImageSize>1431,2544</ImageSize>
	<PixelSize>0.218</PixelSize>
	<TrackCenterPoint>753,267</TrackCenterPoint>
    <BlackTee>938,2474</BlackTee>
    <BlueTee>934,2403</BlueTee>
    <WhiteTee>905,2324</WhiteTee>
	<SearchMapName>16-searchMap.png</SearchMapName>
    <GPSCenterPoint>47.656293,-122.150190</GPSCenterPoint>
    <Rotation>-90</Rotation>
	<TrackKeyPoint>
		<Point>889,2258</Point>
		<Point>855,1933</Point>
		<Point>805,1523</Point>
		<Point>747,1178</Point>
		<Point>659,750</Point>
		<Point>662,610</Point>
		<Point>675,525</Point>
		<Point>614,397</Point>
		<Point>671,316</Point>
	</TrackKeyPoint>
	<GreenMapName>Green-16.jpg</GreenMapName>
	<HeightMapName>H16.png</HeightMapName>
    <GreenMapPixelSize>0.03</GreenMapPixelSize>
    <GreenCenterPoint>600,638</GreenCenterPoint>
    <GreenImageSize>1200,1275</GreenImageSize>
    <LineHeight>32</LineHeight>
    <GreenPartitions>
        <GreenPartition>
            <Point>719,265</Point>
            <Width>210</Width>
            <Height>590</Height>
        </GreenPartition>
        <GreenPartition>
            <Point>656,364</Point>
            <Width>245</Width>
            <Height>242</Height>
        </GreenPartition>
        <GreenPartition>
            <Point>569,504</Point>
            <Width>145</Width>
            <Height>403</Height>
        </GreenPartition>
        <GreenPartition>
            <Point>346,611</Point>
            <Width>629</Width>
            <Height>194</Height>
        </GreenPartition>
        <GreenPartition>
            <Point>221,739</Point>
            <Width>345</Width>
            <Height>169</Height>
        </GreenPartition>
        <GreenPartition>
            <Point>283,810</Point>
            <Width>284</Width>
            <Height>194</Height>
        </GreenPartition>
    </GreenPartitions>
</GolfTrack>

<GolfTrack>						
	<MapImageName>Hole_17.jpeg</MapImageName>
	<MapIndex>17</MapIndex>
	<NextMapIndex>18</NextMapIndex>
	<ImageSize>1170,2080</ImageSize>
	<PixelSize>0.218</PixelSize>
	<TrackCenterPoint>733,245</TrackCenterPoint>
    <BlackTee>812,1983</BlackTee>
    <BlueTee>774,1864</BlueTee>
    <WhiteTee>768,1738</WhiteTee>
    <SearchMapName>17-searchMap.png</SearchMapName>
    <GPSCenterPoint>47.653697,-122.146791</GPSCenterPoint>
    <Rotation>135</Rotation>
	<TrackKeyPoint>
		<Point>683,1434</Point>
		<Point>578,976</Point>
		<Point>532,757</Point>
        <Point>542,593</Point>
        <Point>630,410</Point>
        <Point>688,300</Point>
	</TrackKeyPoint>
	<GreenMapName>Green-17.jpg</GreenMapName>
	<HeightMapName>H17.png</HeightMapName>
    <GreenMapPixelSize>0.03</GreenMapPixelSize>
    <GreenCenterPoint>600,638</GreenCenterPoint>
    <GreenImageSize>1200,1275</GreenImageSize>
    <LineHeight>36</LineHeight>
    <GreenPartitions>
        <GreenPartition>
            <Point>608,283</Point>
            <Width>234</Width>
            <Height>602</Height>
        </GreenPartition>
        <GreenPartition>
            <Point>465,399</Point>
            <Width>454</Width>
            <Height>385</Height>
        </GreenPartition>
        <GreenPartition>
            <Point>370,478</Point>
            <Width>278</Width>
            <Height>515</Height>
        </GreenPartition>
        <GreenPartition>
            <Point>302,545</Point>
            <Width>302</Width>
            <Height>340</Height>
        </GreenPartition>
    </GreenPartitions>
</GolfTrack>

<GolfTrack>
	<MapImageName>Hole_18.jpeg</MapImageName>
	<MapIndex>18</MapIndex>
	<NextMapIndex>-1</NextMapIndex>
	<ImageSize>1494,2656</ImageSize>
	<PixelSize>0.218</PixelSize>
	<TrackCenterPoint>852,244</TrackCenterPoint>
    <BlackTee>785,2448</BlackTee>
    <BlueTee>786,2337</BlueTee>
    <WhiteTee>790,2255</WhiteTee>
	<SearchMapName>18-searchMap.png</SearchMapName>
    <GPSCenterPoint>47.656140,-122.151019</GPSCenterPoint>
    <Rotation>-45</Rotation>
	<TrackKeyPoint>
		<Point>802,1929</Point>
		<Point>763,1704</Point>
		<Point>748,1360</Point>
		<Point>743,1029</Point>
		<Point>723,911</Point>
		<Point>724,796</Point>
		<Point>763,564</Point>
        <Point>811,335</Point>
	</TrackKeyPoint>
	<GreenMapName>Green-18.jpg</GreenMapName>
	<HeightMapName>H18.png</HeightMapName>
    <GreenMapPixelSize>0.03</GreenMapPixelSize>
    <GreenCenterPoint>600,638</GreenCenterPoint>
    <GreenImageSize>1200,1275</GreenImageSize>
    <LineHeight>44</LineHeight>
    <GreenPartitions>
        <GreenPartition>
            <Point>602,271</Point>
            <Width>217</Width>
            <Height>577</Height>
        </GreenPartition>
        <GreenPartition>
            <Point>503,345</Point>
            <Width>395</Width>
            <Height>362</Height>
        </GreenPartition>
        <GreenPartition>
            <Point>398,457</Point>
            <Width>255</Width>
            <Height>550</Height>
        </GreenPartition>
        <GreenPartition>
            <Point>300,553</Point>
            <Width>463</Width>
            <Height>388</Height>
        </GreenPartition>
    </GreenPartitions>
</GolfTrack>
</GolfTracks>
