<?xml version="1.0" encoding="UTF-8" ?>
<GolfTracks>
<GolfTrack>
	<MapImageName>Hole_1.jpeg</MapImageName>
	<MapIndex>1</MapIndex>
	<NextMapIndex>2</NextMapIndex>
	<IsBeginMap>1</IsBeginMap>
	<ImageSize>1138,2023</ImageSize>
	<PixelSize>0.218</PixelSize>
	<TrackCenterPoint>585,261</TrackCenterPoint>
    <GPSCenterPoint>47.657022,-122.146384</GPSCenterPoint>
    <Rotation>90</Rotation>
    
	<GreenMapName>Green-1.jpg</GreenMapName>
	<HeightMapName>H1.png</HeightMapName>
	<GreenMapPixelSize>0.033</GreenMapPixelSize>
	<GreenCenterPoint>600,638</GreenCenterPoint>
    <GreenImageSize>1200,1275</GreenImageSize>
    <LineHeight>30</LineHeight>
    <IsHasGreen>1</IsHasGreen>
</GolfTrack>

<GolfTrack>
	<MapImageName>Hole_2.jpg</MapImageName>
	<MapIndex>2</MapIndex>
	<NextMapIndex>3</NextMapIndex>
	<ImageSize>1431,2544</ImageSize>
	<PixelSize>0.218</PixelSize>
	<TrackCenterPoint>861,258</TrackCenterPoint>
    <GPSCenterPoint>47.657702,-122.151781</GPSCenterPoint>
    <Rotation>-90</Rotation>
    
	<GreenMapName>Green-2.jpg</GreenMapName>
	<HeightMapName>H2.png</HeightMapName>
    <GreenMapPixelSize>0.033</GreenMapPixelSize>
    <GreenCenterPoint>600,638</GreenCenterPoint>
    <GreenImageSize>1200,1275</GreenImageSize>
    <LineHeight>36</LineHeight>
    <IsHasGreen>1</IsHasGreen>
</GolfTrack>

<GolfTrack>
	<MapImageName>Hole_3.jpeg</MapImageName>
	<MapIndex>3</MapIndex>
	<NextMapIndex>4</NextMapIndex>
	<ImageSize>540,960</ImageSize>
	<PixelSize>0.218</PixelSize>
	<TrackCenterPoint>358,266</TrackCenterPoint>
    <GPSCenterPoint>47.658232,-122.150791</GPSCenterPoint>
    <Rotation>90</Rotation>
    
	<GreenMapName>Green-3.jpg</GreenMapName>
	<HeightMapName>H3.png</HeightMapName>
    <GreenMapPixelSize>0.033</GreenMapPixelSize>
    <GreenCenterPoint>600,638</GreenCenterPoint>
    <GreenImageSize>1200,1275</GreenImageSize>
    <LineHeight>30</LineHeight>
    <IsHasGreen>1</IsHasGreen>
</GolfTrack>

<GolfTrack>
	<MapImageName>Hole_4.jpeg</MapImageName>
	<MapIndex>4</MapIndex>
	<NextMapIndex>5</NextMapIndex>
	<ImageSize>1179,2096</ImageSize>
	<PixelSize>0.218</PixelSize>
	<TrackCenterPoint>632,229</TrackCenterPoint>
    <GPSCenterPoint>47.658028,-122.146307</GPSCenterPoint>
    <Rotation>90</Rotation>
    
	<GreenMapName>Green-4.jpg</GreenMapName>
	<HeightMapName>H4.png</HeightMapName>
    <GreenMapPixelSize>0.033</GreenMapPixelSize>
    <GreenCenterPoint>600,638</GreenCenterPoint>
    <GreenImageSize>1200,1275</GreenImageSize>
    <LineHeight>36</LineHeight>
    <IsHasGreen>1</IsHasGreen>
</GolfTrack>

<GolfTrack>
	<MapImageName>Hole_5.jpeg</MapImageName>
	<MapIndex>5</MapIndex>
	<NextMapIndex>6</NextMapIndex>
	<ImageSize>1215,2160</ImageSize>
	<PixelSize>0.218</PixelSize>
	<TrackCenterPoint>821,265</TrackCenterPoint>
    <GPSCenterPoint>47.660294,-122.150118</GPSCenterPoint>
    <Rotation>-56</Rotation>
    
	<GreenMapName>Green-5.jpg</GreenMapName>
	<HeightMapName>H5.png</HeightMapName>
    <GreenMapPixelSize>0.033</GreenMapPixelSize>
    <GreenCenterPoint>600,638</GreenCenterPoint>
    <GreenImageSize>1200,1275</GreenImageSize>
    <LineHeight>24</LineHeight>
    <IsHasGreen>1</IsHasGreen>
</GolfTrack>

<GolfTrack>
	<MapImageName>Hole_6.jpeg</MapImageName>
	<MapIndex>6</MapIndex>
	<NextMapIndex>7</NextMapIndex>
	<ImageSize>612,1088</ImageSize>
	<PixelSize>0.218</PixelSize>
	<TrackCenterPoint>311,225</TrackCenterPoint>
    <GPSCenterPoint>47.660179,-122.152747</GPSCenterPoint>
    <Rotation>-90</Rotation>
	
	<GreenMapName>Green-6.jpg</GreenMapName>
	<HeightMapName>H6.png</HeightMapName>
    <GreenMapPixelSize>0.033</GreenMapPixelSize>
    <GreenCenterPoint>600,638</GreenCenterPoint>
    <GreenImageSize>1200,1275</GreenImageSize>
    <LineHeight>34</LineHeight>
    <IsHasGreen>1</IsHasGreen>
</GolfTrack>

<GolfTrack>
	<MapImageName>Hole_7.jpeg</MapImageName>
	<MapIndex>7</MapIndex>
	<NextMapIndex>8</NextMapIndex>
	<ImageSize>972,1728</ImageSize>
	<PixelSize>0.218</PixelSize>
	<TrackCenterPoint>623,243</TrackCenterPoint>
    <GPSCenterPoint>47.658574,-122.149583</GPSCenterPoint>
    <Rotation>125</Rotation>
    
	<GreenMapName>Green-7.jpg</GreenMapName>
	<HeightMapName>H7.png</HeightMapName>
    <GreenMapPixelSize>0.033</GreenMapPixelSize>
    <GreenCenterPoint>600,638</GreenCenterPoint>
    <GreenImageSize>1200,1275</GreenImageSize>
    <LineHeight>34</LineHeight>
    <IsHasGreen>1</IsHasGreen>
</GolfTrack>

<GolfTrack>
	<MapImageName>Hole_8.jpeg</MapImageName>
	<MapIndex>8</MapIndex>
	<NextMapIndex>9</NextMapIndex>
	<ImageSize>630,1120</ImageSize>
	<PixelSize>0.218</PixelSize>
	<TrackCenterPoint>454,211</TrackCenterPoint>
    <GPSCenterPoint>47.659239,-122.152331</GPSCenterPoint>
    <Rotation>-90</Rotation>
    
	<GreenMapName>Green-8.jpg</GreenMapName>
	<HeightMapName>H8.png</HeightMapName>
    <GreenMapPixelSize>0.033</GreenMapPixelSize>
    <GreenCenterPoint>600,638</GreenCenterPoint>
    <GreenImageSize>1200,1275</GreenImageSize>
    <LineHeight>30</LineHeight>
    <IsHasGreen>1</IsHasGreen>
</GolfTrack>

<GolfTrack>	
	<MapImageName>Hole_9.jpeg</MapImageName>
	<MapIndex>9</MapIndex>
	<NextMapIndex>10</NextMapIndex>
	<ImageSize>1026,1824</ImageSize>
	<PixelSize>0.218</PixelSize>
	<TrackCenterPoint>395,278</TrackCenterPoint>
    <GPSCenterPoint>47.657204,-122.152114</GPSCenterPoint>
    <Rotation>-180</Rotation>
    
	<GreenMapName>Green-9.jpg</GreenMapName>
	<HeightMapName>H9.png</HeightMapName>
    <GreenMapPixelSize>0.033</GreenMapPixelSize>
    <GreenCenterPoint>600,638</GreenCenterPoint>
    <GreenImageSize>1200,1275</GreenImageSize>
    <LineHeight>40</LineHeight>
    <IsHasGreen>1</IsHasGreen>
</GolfTrack>

<GolfTrack>
	<MapImageName>Hole_10.jpeg</MapImageName>
	<MapIndex>10</MapIndex>
	<NextMapIndex>11</NextMapIndex>
	<ImageSize>1008,1792</ImageSize>
	<PixelSize>0.218</PixelSize>
	<TrackCenterPoint>705,247</TrackCenterPoint>
    <GPSCenterPoint>47.653831,-122.152990</GPSCenterPoint>
    <Rotation>-180</Rotation>
    
	<GreenMapName>Green-10.jpg</GreenMapName>
	<HeightMapName>H10.png</HeightMapName>
    <GreenMapPixelSize>0.033</GreenMapPixelSize>
    <GreenCenterPoint>600,638</GreenCenterPoint>
    <GreenImageSize>1200,1275</GreenImageSize>
    <LineHeight>26</LineHeight>
    <IsHasGreen>1</IsHasGreen>
</GolfTrack>

<GolfTrack>
	<MapImageName>Hole_11.jpeg</MapImageName>
	<MapIndex>11</MapIndex>
	<NextMapIndex>12</NextMapIndex>
	<ImageSize>963,1712</ImageSize>
	<PixelSize>0.218</PixelSize>
	<TrackCenterPoint>597,213</TrackCenterPoint>
    <GPSCenterPoint>47.653654,-122.148589</GPSCenterPoint>
    <Rotation>90</Rotation>
    
	<GreenMapName>Green-11.jpg</GreenMapName>
	<HeightMapName>H11.png</HeightMapName>
    <GreenMapPixelSize>0.033</GreenMapPixelSize>
    <GreenCenterPoint>600,638</GreenCenterPoint>
    <GreenImageSize>1200,1275</GreenImageSize>
    <LineHeight>20</LineHeight>
    <IsHasGreen>1</IsHasGreen>
</GolfTrack>

<GolfTrack>
	<MapImageName>Hole_12.jpeg</MapImageName>
	<MapIndex>12</MapIndex>
	<NextMapIndex>13</NextMapIndex>
	<ImageSize>495,880</ImageSize>
	<PixelSize>0.218</PixelSize>
	<TrackCenterPoint>296,162</TrackCenterPoint>
    <GPSCenterPoint>47.652724,-122.146398</GPSCenterPoint>
    <Rotation>90</Rotation>

	<GreenMapName>Green-12.jpg</GreenMapName>
	<HeightMapName>H12.png</HeightMapName>
    <GreenMapPixelSize>0.033</GreenMapPixelSize>
    <GreenCenterPoint>600,638</GreenCenterPoint>
    <GreenImageSize>1200,1275</GreenImageSize>
    <LineHeight>26</LineHeight>
    <IsHasGreen>1</IsHasGreen>
</GolfTrack>

<GolfTrack>
	<MapImageName>Hole_13.jpeg</MapImageName>
	<MapIndex>13</MapIndex>
	<NextMapIndex>14</NextMapIndex>
	<ImageSize>963,1712</ImageSize>
	<PixelSize>0.218</PixelSize>
	<TrackCenterPoint>440,240</TrackCenterPoint>
    <GPSCenterPoint>47.655351,-122.147698</GPSCenterPoint>
    <Rotation>-30</Rotation>
    
	<GreenMapName>Green-13.jpg</GreenMapName>
	<HeightMapName>H13.png</HeightMapName>
    <GreenMapPixelSize>0.033</GreenMapPixelSize>
    <GreenCenterPoint>600,638</GreenCenterPoint>
    <GreenImageSize>1200,1275</GreenImageSize>
    <LineHeight>28</LineHeight>
    <IsHasGreen>1</IsHasGreen>
</GolfTrack>

<GolfTrack>
	<MapImageName>Hole_14.jpeg</MapImageName>
	<MapIndex>14</MapIndex>
	<NextMapIndex>15</NextMapIndex>
	<ImageSize>1035,1840</ImageSize>
	<PixelSize>0.218</PixelSize>
	<TrackCenterPoint>650,259</TrackCenterPoint>
    <GPSCenterPoint>47.655658,-122.144148</GPSCenterPoint>
    <Rotation>90</Rotation>
    
	<GreenMapName>Green-14.jpg</GreenMapName>
	<HeightMapName>H14.png</HeightMapName>
    <GreenMapPixelSize>0.033</GreenMapPixelSize>
    <GreenCenterPoint>600,638</GreenCenterPoint>
    <GreenImageSize>1200,1275</GreenImageSize>
    <LineHeight>32</LineHeight>
    <IsHasGreen>1</IsHasGreen>
</GolfTrack>

<GolfTrack>
	<MapImageName>Hole_15.jpeg</MapImageName>
	<MapIndex>15</MapIndex>
	<NextMapIndex>16</NextMapIndex>
	<ImageSize>495,880</ImageSize>
	<PixelSize>0.218</PixelSize>
	<TrackCenterPoint>267,152</TrackCenterPoint>
    <GPSCenterPoint>47.656674,-122.143820</GPSCenterPoint>
    <Rotation>0</Rotation>

	<GreenMapName>Green-15.jpg</GreenMapName>
	<HeightMapName>H15.png</HeightMapName>
    <GreenMapPixelSize>0.033</GreenMapPixelSize>
    <GreenCenterPoint>600,638</GreenCenterPoint>
    <GreenImageSize>1200,1275</GreenImageSize>
    <LineHeight>30</LineHeight>
    <IsHasGreen>1</IsHasGreen>
</GolfTrack>

<GolfTrack>
	<MapImageName>Hole_16.jpeg</MapImageName>
	<MapIndex>16</MapIndex>
	<NextMapIndex>17</NextMapIndex>
	<ImageSize>1431,2544</ImageSize>
	<PixelSize>0.218</PixelSize>
	<TrackCenterPoint>753,267</TrackCenterPoint>
    <GPSCenterPoint>47.656293,-122.150190</GPSCenterPoint>
    <Rotation>-90</Rotation>
    
	<GreenMapName>Green-16.jpg</GreenMapName>
	<HeightMapName>H16.png</HeightMapName>
    <GreenMapPixelSize>0.033</GreenMapPixelSize>
    <GreenCenterPoint>600,638</GreenCenterPoint>
    <GreenImageSize>1200,1275</GreenImageSize>
    <LineHeight>32</LineHeight>
    <IsHasGreen>1</IsHasGreen>
</GolfTrack>

<GolfTrack>						
	<MapImageName>Hole_17.jpeg</MapImageName>
	<MapIndex>17</MapIndex>
	<NextMapIndex>18</NextMapIndex>
	<ImageSize>1170,2080</ImageSize>
	<PixelSize>0.218</PixelSize>
	<TrackCenterPoint>733,245</TrackCenterPoint>
    <GPSCenterPoint>47.653697,-122.146791</GPSCenterPoint>
    <Rotation>135</Rotation>

	<GreenMapName>Green-17.jpg</GreenMapName>
	<HeightMapName>H17.png</HeightMapName>
    <GreenMapPixelSize>0.033</GreenMapPixelSize>
    <GreenCenterPoint>600,638</GreenCenterPoint>
    <GreenImageSize>1200,1275</GreenImageSize>
    <LineHeight>36</LineHeight>
    <IsHasGreen>1</IsHasGreen>
</GolfTrack>

<GolfTrack>
	<MapImageName>Hole_18.jpeg</MapImageName>
	<MapIndex>18</MapIndex>
	<NextMapIndex>-1</NextMapIndex>
	<ImageSize>1494,2656</ImageSize>
	<PixelSize>0.218</PixelSize>
	<TrackCenterPoint>852,244</TrackCenterPoint>
    <GPSCenterPoint>47.656140,-122.151019</GPSCenterPoint>
    <Rotation>-45</Rotation>

	<GreenMapName>Green-18.jpg</GreenMapName>
	<HeightMapName>H18.png</HeightMapName>
    <GreenMapPixelSize>0.033</GreenMapPixelSize>
    <GreenCenterPoint>600,638</GreenCenterPoint>
    <GreenImageSize>1200,1275</GreenImageSize>
    <LineHeight>44</LineHeight>
    <IsHasGreen>1</IsHasGreen>
</GolfTrack>
</GolfTracks>
