<?xml version="1.0" encoding="UTF-8"?>
<GolfMapInformation version="1.0">
    <MapInformation>
        <Index>1</Index>
        <Name>1-searchMap.png</Name>
        <BlackTee>475,1830</BlackTee>
        <WhiteTee>393,1695</WhiteTee>
        <GoldTee/>
        <BlueTee/>
        <RedTee/>
        <TrackPoint>
            <Point>441.000000,1546.000000</Point>
            <Point>433.000000,1446.000000</Point>
            <Point>420.500000,1346.000000</Point>
            <Point>400.500000,1246.000000</Point>
            <Point>382.500000,1146.000000</Point>
            <Point>361.000000,1046.000000</Point>
            <Point>357.500000,946.000000</Point>
            <Point>371.000000,846.000000</Point>
            <Point>396.000000,746.000000</Point>
            <Point>437.000000,646.000000</Point>
            <Point>484.500000,546.000000</Point>
            <Point>535.000000,446.000000</Point>
            <Point>585.500000,346.000000</Point>
        </TrackPoint>
        <BunkerPoints/>
        <WaterPoint>
            <Point>964.000000,1430.000000</Point>
            <Point>812.000000,1355.000000</Point>
            <Point>728.000000,1280.000000</Point>
            <Point>698.000000,1205.000000</Point>
            <Point>675.000000,1130.000000</Point>
            <Point>648.000000,1055.000000</Point>
            <Point>611.000000,980.000000</Point>
            <Point>579.000000,905.000000</Point>
            <Point>555.000000,830.000000</Point>
            <Point>540.000000,755.000000</Point>
            <Point>537.000000,680.000000</Point>
            <Point>541.000000,605.000000</Point>
            <Point>559.000000,530.000000</Point>
            <Point>582.000000,455.000000</Point>
            <Point>614.000000,380.000000</Point>
        </WaterPoint>
    </MapInformation>
    <MapInformation>
        <Index>2</Index>
        <Name>2-searchMap.png</Name>
        <BlackTee>525,1825</BlackTee>
        <WhiteTee>549,1532</WhiteTee>
        <GoldTee/>
        <BlueTee/>
        <RedTee/>
        <TrackPoint>
            <Point>511.500000,1447.000000</Point>
            <Point>568.500000,1347.000000</Point>
            <Point>582.000000,1247.000000</Point>
            <Point>599.000000,1147.000000</Point>
            <Point>622.500000,1047.000000</Point>
            <Point>540.000000,813.000000</Point>
            <Point>555.500000,713.000000</Point>
            <Point>546.500000,613.000000</Point>
            <Point>537.500000,513.000000</Point>
            <Point>533.000000,413.000000</Point>
            <Point>511.000000,313.000000</Point>
        </TrackPoint>
        <BunkerPoints/>
        <WaterPoint>
            <Point>81.000000,1092.000000</Point>
            <Point>57.000000,1017.000000</Point>
            <Point>176.000000,1017.000000</Point>
            <Point>148.000000,942.000000</Point>
            <Point>340.000000,942.000000</Point>
            <Point>611.000000,942.000000</Point>
            <Point>552.000000,867.000000</Point>
            <Point>933.000000,867.000000</Point>
            <Point>749.000000,792.000000</Point>
            <Point>1042.000000,792.000000</Point>
            <Point>1001.000000,717.000000</Point>
        </WaterPoint>
    </MapInformation>
    <MapInformation>
        <Index>3</Index>
        <Name>3-searchMap.png</Name>
        <BlackTee>565,1803</BlackTee>
        <WhiteTee>577,1572</WhiteTee>
        <GoldTee/>
        <BlueTee/>
        <RedTee/>
        <TrackPoint>
            <Point>569.500000,1604.000000</Point>
            <Point>551.500000,1504.000000</Point>
            <Point>551.000000,1404.000000</Point>
            <Point>562.000000,1304.000000</Point>
            <Point>581.000000,1204.000000</Point>
            <Point>605.000000,1104.000000</Point>
            <Point>618.000000,1004.000000</Point>
            <Point>624.500000,904.000000</Point>
            <Point>636.500000,719.000000</Point>
            <Point>634.000000,619.000000</Point>
            <Point>625.000000,519.000000</Point>
            <Point>588.500000,419.000000</Point>
            <Point>538.500000,319.000000</Point>
        </TrackPoint>
        <BunkerPoints/>
        <WaterPoint/>
    </MapInformation>
    <MapInformation>
        <Index>4</Index>
        <Name>4-searchMap.png</Name>
        <BlackTee>520,1726</BlackTee>
        <WhiteTee>590,1386</WhiteTee>
        <GoldTee/>
        <BlueTee/>
        <RedTee/>
        <TrackPoint>
            <Point>618.500000,1181.000000</Point>
            <Point>622.000000,1081.000000</Point>
            <Point>654.500000,981.000000</Point>
            <Point>664.500000,881.000000</Point>
            <Point>663.500000,781.000000</Point>
            <Point>660.500000,681.000000</Point>
            <Point>598.000000,581.000000</Point>
        </TrackPoint>
        <BunkerPoints/>
        <WaterPoint/>
    </MapInformation>
    <MapInformation>
        <Index>5</Index>
        <Name>5-searchMap.png</Name>
        <BlackTee>624,1815</BlackTee>
        <WhiteTee>542,1711</WhiteTee>
        <GoldTee/>
        <BlueTee/>
        <RedTee/>
        <TrackPoint>
            <Point>402.500000,1403.000000</Point>
            <Point>458.000000,1303.000000</Point>
            <Point>470.500000,1203.000000</Point>
            <Point>461.000000,1103.000000</Point>
            <Point>420.500000,1003.000000</Point>
            <Point>404.500000,903.000000</Point>
            <Point>394.000000,803.000000</Point>
        </TrackPoint>
        <BunkerPoints/>
        <WaterPoint>
            <Point>649.000000,362.000000</Point>
            <Point>685.000000,362.000000</Point>
            <Point>436.000000,287.000000</Point>
            <Point>979.000000,287.000000</Point>
            <Point>363.000000,212.000000</Point>
            <Point>1056.000000,212.000000</Point>
            <Point>307.000000,137.000000</Point>
            <Point>225.000000,62.000000</Point>
        </WaterPoint>
    </MapInformation>
    <MapInformation>
        <Index>6</Index>
        <Name>6-searchMap.png</Name>
        <BlackTee>740,1719</BlackTee>
        <WhiteTee>672,1547</WhiteTee>
        <GoldTee/>
        <BlueTee/>
        <RedTee/>
        <TrackPoint/>
        <BunkerPoints/>
        <WaterPoint>
            <Point>1074.000000,1548.000000</Point>
            <Point>790.000000,1473.000000</Point>
            <Point>590.000000,1398.000000</Point>
            <Point>471.000000,1323.000000</Point>
            <Point>398.000000,1248.000000</Point>
            <Point>366.000000,1173.000000</Point>
            <Point>349.000000,1098.000000</Point>
            <Point>338.000000,1023.000000</Point>
            <Point>326.000000,948.000000</Point>
            <Point>321.000000,873.000000</Point>
            <Point>320.000000,798.000000</Point>
            <Point>768.000000,798.000000</Point>
            <Point>822.000000,798.000000</Point>
            <Point>341.000000,723.000000</Point>
            <Point>600.000000,723.000000</Point>
            <Point>923.000000,723.000000</Point>
            <Point>921.000000,648.000000</Point>
            <Point>310.000000,573.000000</Point>
            <Point>446.000000,573.000000</Point>
            <Point>900.000000,573.000000</Point>
            <Point>236.000000,498.000000</Point>
            <Point>550.000000,498.000000</Point>
            <Point>863.000000,498.000000</Point>
            <Point>213.000000,423.000000</Point>
            <Point>573.000000,423.000000</Point>
            <Point>868.000000,423.000000</Point>
            <Point>191.000000,348.000000</Point>
            <Point>180.000000,273.000000</Point>
            <Point>174.000000,198.000000</Point>
            <Point>174.000000,123.000000</Point>
            <Point>176.000000,48.000000</Point>
        </WaterPoint>
    </MapInformation>
    <MapInformation>
        <Index>7</Index>
        <Name>7-searchMap.png</Name>
        <BlackTee>556, 1824</BlackTee>
        <WhiteTee>473, 1497</WhiteTee>
        <GoldTee/>
        <BlueTee/>
        <RedTee/>
        <TrackPoint>
            <Point>464.000000,1281.000000</Point>
            <Point>431.500000,1181.000000</Point>
            <Point>436.500000,1081.000000</Point>
            <Point>426.000000,981.000000</Point>
            <Point>448.500000,881.000000</Point>
            <Point>486.000000,781.000000</Point>
            <Point>441.000000,617.000000</Point>
            <Point>481.000000,517.000000</Point>
            <Point>551.500000,417.000000</Point>
        </TrackPoint>
        <BunkerPoints/>
        <WaterPoint/>
    </MapInformation>
    <MapInformation>
        <Index>8</Index>
        <Name>8-searchMap.png</Name>
        <BlackTee>593,1823</BlackTee>
        <WhiteTee>603,1569</WhiteTee>
        <GoldTee/>
        <BlueTee/>
        <RedTee/>
        <TrackPoint>
            <Point>488.500000,1380.000000</Point>
            <Point>552.500000,1280.000000</Point>
            <Point>562.000000,1180.000000</Point>
            <Point>555.000000,1080.000000</Point>
            <Point>543.500000,980.000000</Point>
            <Point>505.500000,880.000000</Point>
            <Point>475.500000,780.000000</Point>
            <Point>450.500000,680.000000</Point>
            <Point>451.000000,580.000000</Point>
            <Point>459.000000,480.000000</Point>
        </TrackPoint>
        <BunkerPoints/>
        <WaterPoint/>
    </MapInformation>
    <MapInformation>
        <Index>9</Index>
        <Name>9-searchMap.png</Name>
        <BlackTee>576,1814</BlackTee>
        <WhiteTee>658,1672</WhiteTee>
        <GoldTee/>
        <BlueTee/>
        <RedTee/>
        <TrackPoint>
            <Point>593.000000,1514.000000</Point>
            <Point>597.500000,1414.000000</Point>
            <Point>595.500000,1314.000000</Point>
            <Point>592.500000,1214.000000</Point>
            <Point>608.000000,1114.000000</Point>
            <Point>605.500000,980.000000</Point>
            <Point>589.500000,880.000000</Point>
            <Point>585.500000,780.000000</Point>
            <Point>588.000000,680.000000</Point>
            <Point>585.000000,580.000000</Point>
            <Point>604.000000,469.000000</Point>
            <Point>598.000000,369.000000</Point>
        </TrackPoint>
        <BunkerPoints/>
        <WaterPoint>
            <Point>997.000000,1134.000000</Point>
            <Point>820.000000,1059.000000</Point>
            <Point>998.000000,1059.000000</Point>
            <Point>721.000000,984.000000</Point>
            <Point>998.000000,984.000000</Point>
            <Point>695.000000,909.000000</Point>
            <Point>998.000000,909.000000</Point>
            <Point>689.000000,834.000000</Point>
            <Point>998.000000,834.000000</Point>
            <Point>702.000000,759.000000</Point>
            <Point>998.000000,759.000000</Point>
            <Point>719.000000,684.000000</Point>
            <Point>998.000000,684.000000</Point>
            <Point>246.000000,609.000000</Point>
            <Point>719.000000,609.000000</Point>
            <Point>998.000000,609.000000</Point>
            <Point>267.000000,534.000000</Point>
            <Point>459.000000,534.000000</Point>
            <Point>515.000000,534.000000</Point>
            <Point>998.000000,534.000000</Point>
            <Point>693.000000,459.000000</Point>
            <Point>998.000000,459.000000</Point>
            <Point>674.000000,384.000000</Point>
            <Point>998.000000,384.000000</Point>
            <Point>674.000000,309.000000</Point>
            <Point>998.000000,309.000000</Point>
            <Point>678.000000,234.000000</Point>
            <Point>998.000000,234.000000</Point>
            <Point>687.000000,159.000000</Point>
            <Point>821.000000,159.000000</Point>
            <Point>731.000000,84.000000</Point>
            <Point>821.000000,84.000000</Point>
        </WaterPoint>
    </MapInformation>
    <MapInformation>
        <Index>10</Index>
        <Name>10-searchMap.png</Name>
        <BlackTee>561, 1778</BlackTee>
        <WhiteTee>557, 1502</WhiteTee>
        <GoldTee/>
        <BlueTee/>
        <RedTee/>
        <TrackPoint>
            <Point>532.500000,1352.000000</Point>
            <Point>509.000000,1252.000000</Point>
            <Point>475.000000,1152.000000</Point>
            <Point>453.500000,1052.000000</Point>
            <Point>444.000000,952.000000</Point>
            <Point>465.500000,852.000000</Point>
            <Point>507.500000,752.000000</Point>
            <Point>495.000000,652.000000</Point>
            <Point>524.000000,552.000000</Point>
            <Point>575.000000,452.000000</Point>
        </TrackPoint>
        <BunkerPoints/>
        <WaterPoint/>
    </MapInformation>
    <MapInformation>
        <Index>11</Index>
        <Name>11-searchMap.png</Name>
        <BlackTee>514,1838</BlackTee>
        <WhiteTee>334,1703</WhiteTee>
        <GoldTee/>
        <BlueTee/>
        <RedTee/>
        <TrackPoint>
            <Point>370.500000,1647.000000</Point>
            <Point>389.500000,1547.000000</Point>
            <Point>394.500000,1447.000000</Point>
            <Point>405.000000,1347.000000</Point>
            <Point>419.500000,1247.000000</Point>
            <Point>443.000000,1147.000000</Point>
            <Point>475.500000,1047.000000</Point>
            <Point>483.000000,947.000000</Point>
            <Point>470.000000,847.000000</Point>
            <Point>412.000000,711.000000</Point>
            <Point>440.000000,611.000000</Point>
            <Point>491.000000,511.000000</Point>
            <Point>516.500000,411.000000</Point>
            <Point>664.000000,311.000000</Point>
            <Point>721.000000,211.000000</Point>
        </TrackPoint>
        <BunkerPoints/>
        <WaterPoint>
            <Point>4.000000,1160.000000</Point>
            <Point>190.000000,1085.000000</Point>
            <Point>227.000000,1010.000000</Point>
            <Point>334.000000,1010.000000</Point>
            <Point>306.000000,935.000000</Point>
            <Point>366.000000,935.000000</Point>
            <Point>351.000000,860.000000</Point>
            <Point>385.000000,860.000000</Point>
            <Point>404.000000,785.000000</Point>
            <Point>447.000000,710.000000</Point>
            <Point>532.000000,710.000000</Point>
            <Point>543.000000,635.000000</Point>
            <Point>729.000000,635.000000</Point>
            <Point>725.000000,560.000000</Point>
            <Point>856.000000,560.000000</Point>
            <Point>887.000000,485.000000</Point>
            <Point>967.000000,485.000000</Point>
            <Point>969.000000,410.000000</Point>
            <Point>1050.000000,335.000000</Point>
        </WaterPoint>
    </MapInformation>
    <MapInformation>
        <Index>12</Index>
        <Name>12-searchMap.png</Name>
        <BlackTee>560,1713</BlackTee>
        <WhiteTee>813, 1352</WhiteTee>
        <GoldTee/>
        <BlueTee/>
        <RedTee/>
        <TrackPoint>
            <Point>535.000000,909.000000</Point>
            <Point>565.500000,809.000000</Point>
            <Point>570.000000,709.000000</Point>
            <Point>604.500000,609.000000</Point>
        </TrackPoint>
        <BunkerPoints/>
        <WaterPoint/>
    </MapInformation>
    <MapInformation>
        <Index>13</Index>
        <Name>13-searchMap.png</Name>
        <BlackTee>460, 1837</BlackTee>
        <WhiteTee>784, 1689</WhiteTee>
        <GoldTee/>
        <BlueTee/>
        <RedTee/>
        <TrackPoint>
            <Point>552.000000,1772.000000</Point>
            <Point>572.000000,1672.000000</Point>
            <Point>630.000000,1572.000000</Point>
            <Point>697.500000,1472.000000</Point>
            <Point>733.500000,1372.000000</Point>
            <Point>740.000000,1272.000000</Point>
            <Point>737.500000,1172.000000</Point>
            <Point>727.500000,1072.000000</Point>
            <Point>721.500000,972.000000</Point>
            <Point>575.000000,872.000000</Point>
            <Point>525.500000,772.000000</Point>
            <Point>472.500000,672.000000</Point>
            <Point>490.000000,572.000000</Point>
            <Point>390.500000,472.000000</Point>
            <Point>397.500000,372.000000</Point>
            <Point>432.500000,272.000000</Point>
        </TrackPoint>
        <BunkerPoints/>
        <WaterPoint>
            <Point>72.000000,1754.000000</Point>
            <Point>72.000000,1679.000000</Point>
            <Point>451.000000,1679.000000</Point>
            <Point>72.000000,1604.000000</Point>
            <Point>531.000000,1604.000000</Point>
            <Point>72.000000,1529.000000</Point>
            <Point>577.000000,1529.000000</Point>
            <Point>603.000000,1454.000000</Point>
            <Point>617.000000,1379.000000</Point>
            <Point>619.000000,1304.000000</Point>
            <Point>618.000000,1229.000000</Point>
            <Point>608.000000,1154.000000</Point>
            <Point>593.000000,1079.000000</Point>
            <Point>574.000000,1004.000000</Point>
            <Point>542.000000,929.000000</Point>
            <Point>460.000000,854.000000</Point>
            <Point>350.000000,779.000000</Point>
            <Point>273.000000,704.000000</Point>
            <Point>187.000000,629.000000</Point>
        </WaterPoint>
    </MapInformation>
    <MapInformation>
        <Index>14</Index>
        <Name>14-searchMap.png</Name>
        <BlackTee>531,1821</BlackTee>
        <WhiteTee>423,1685</WhiteTee>
        <GoldTee/>
        <BlueTee/>
        <RedTee/>
        <TrackPoint>
            <Point>533.000000,1639.000000</Point>
            <Point>524.000000,1539.000000</Point>
            <Point>540.000000,1439.000000</Point>
            <Point>562.500000,1339.000000</Point>
            <Point>568.000000,1239.000000</Point>
            <Point>559.000000,1139.000000</Point>
            <Point>578.500000,877.000000</Point>
            <Point>551.500000,777.000000</Point>
            <Point>554.000000,677.000000</Point>
            <Point>548.500000,577.000000</Point>
            <Point>542.000000,477.000000</Point>
            <Point>527.500000,377.000000</Point>
        </TrackPoint>
        <BunkerPoints/>
        <WaterPoint>
            <Point>257.000000,1030.000000</Point>
            <Point>597.000000,1030.000000</Point>
            <Point>766.000000,1030.000000</Point>
            <Point>930.000000,1030.000000</Point>
            <Point>194.000000,955.000000</Point>
            <Point>550.000000,955.000000</Point>
            <Point>887.000000,955.000000</Point>
            <Point>1038.000000,955.000000</Point>
            <Point>971.000000,880.000000</Point>
            <Point>1075.000000,805.000000</Point>
        </WaterPoint>
    </MapInformation>
    <MapInformation>
        <Index>15</Index>
        <Name>15-searchMap.png</Name>
        <BlackTee>569, 1822</BlackTee>
        <WhiteTee>415, 1636</WhiteTee>
        <GoldTee/>
        <BlueTee/>
        <RedTee/>
        <TrackPoint>
            <Point>622.500000,1535.000000</Point>
            <Point>554.500000,1435.000000</Point>
            <Point>558.500000,1335.000000</Point>
            <Point>572.000000,1235.000000</Point>
            <Point>578.000000,1135.000000</Point>
            <Point>558.500000,1035.000000</Point>
            <Point>537.000000,935.000000</Point>
            <Point>547.000000,835.000000</Point>
            <Point>555.500000,735.000000</Point>
            <Point>556.500000,635.000000</Point>
            <Point>552.000000,535.000000</Point>
            <Point>537.000000,435.000000</Point>
        </TrackPoint>
        <BunkerPoints/>
        <WaterPoint>
            <Point>1077.000000,1378.000000</Point>
            <Point>908.000000,1303.000000</Point>
            <Point>1029.000000,1303.000000</Point>
            <Point>826.000000,1228.000000</Point>
            <Point>905.000000,1228.000000</Point>
            <Point>804.000000,1153.000000</Point>
            <Point>864.000000,1153.000000</Point>
            <Point>795.000000,1078.000000</Point>
            <Point>846.000000,1078.000000</Point>
            <Point>791.000000,1003.000000</Point>
            <Point>844.000000,1003.000000</Point>
            <Point>787.000000,928.000000</Point>
            <Point>848.000000,928.000000</Point>
            <Point>779.000000,853.000000</Point>
            <Point>857.000000,853.000000</Point>
            <Point>775.000000,778.000000</Point>
            <Point>865.000000,778.000000</Point>
            <Point>777.000000,703.000000</Point>
            <Point>873.000000,703.000000</Point>
            <Point>787.000000,628.000000</Point>
            <Point>888.000000,628.000000</Point>
            <Point>821.000000,553.000000</Point>
            <Point>921.000000,553.000000</Point>
            <Point>873.000000,478.000000</Point>
            <Point>1012.000000,478.000000</Point>
            <Point>971.000000,403.000000</Point>
        </WaterPoint>
    </MapInformation>
    <MapInformation>
        <Index>16</Index>
        <Name>16-searchMap.png</Name>
        <BlackTee>318,1811</BlackTee>
        <WhiteTee>496,1588</WhiteTee>
        <GoldTee/>
        <BlueTee/>
        <RedTee/>
        <TrackPoint>
            <Point>496.000000,1589.000000</Point>
            <Point>469.000000,1489.000000</Point>
            <Point>540.500000,1389.000000</Point>
            <Point>616.000000,1289.000000</Point>
            <Point>677.000000,1189.000000</Point>
            <Point>722.500000,1089.000000</Point>
            <Point>733.500000,989.000000</Point>
            <Point>699.500000,889.000000</Point>
            <Point>656.500000,789.000000</Point>
            <Point>631.500000,689.000000</Point>
            <Point>507.500000,589.000000</Point>
            <Point>476.000000,489.000000</Point>
            <Point>388.000000,389.000000</Point>
            <Point>348.500000,289.000000</Point>
        </TrackPoint>
        <BunkerPoints/>
        <WaterPoint/>
    </MapInformation>
    <MapInformation>
        <Index>17</Index>
        <Name>17-searchMap.png</Name>
        <BlackTee>520,1714</BlackTee>
        <WhiteTee>523,1457</WhiteTee>
        <GoldTee/>
        <BlueTee/>
        <RedTee/>
        <TrackPoint>
            <Point>518.000000,1310.000000</Point>
            <Point>530.500000,1210.000000</Point>
            <Point>535.000000,1110.000000</Point>
            <Point>537.000000,1010.000000</Point>
            <Point>534.500000,910.000000</Point>
            <Point>566.500000,810.000000</Point>
        </TrackPoint>
        <BunkerPoints/>
        <WaterPoint/>
    </MapInformation>
    <MapInformation>
        <Index>18</Index>
        <Name>18-searchMap.png</Name>
        <BlackTee>494,1824</BlackTee>
        <WhiteTee>444,1571</WhiteTee>
        <GoldTee/>
        <BlueTee/>
        <RedTee/>
        <TrackPoint>
            <Point>552.500000,1511.000000</Point>
            <Point>555.000000,1411.000000</Point>
            <Point>560.000000,1311.000000</Point>
            <Point>576.000000,1211.000000</Point>
            <Point>551.000000,1111.000000</Point>
            <Point>527.500000,1011.000000</Point>
            <Point>530.500000,911.000000</Point>
            <Point>531.500000,811.000000</Point>
            <Point>534.500000,711.000000</Point>
            <Point>514.000000,509.000000</Point>
            <Point>509.000000,409.000000</Point>
        </TrackPoint>
        <BunkerPoints/>
        <WaterPoint/>
    </MapInformation>
</GolfMapInformation>
