<?xml version="1.0" encoding="UTF-8" ?>
<GolfTracks>
<GolfTrack>
	<MapImageName>1.jpg</MapImageName>
	<MapIndex>1</MapIndex>
	<NextMapIndex>2</NextMapIndex>
	<IsBeginMap>1</IsBeginMap>
	<ImageSize>1080,1920</ImageSize>
	<PixelSize>0.26875</PixelSize>
	<TrackCenterPoint>748,221</TrackCenterPoint>
    <GPSCenterPoint>47.657022,-122.146384</GPSCenterPoint>
    <Rotation>90</Rotation>

	<GreenMapName>Green-1.jpg</GreenMapName>
	<HeightMapName>H1.png</HeightMapName>
	<GreenMapPixelSize>0.03125</GreenMapPixelSize>
	<GreenCenterPoint>718,517</GreenCenterPoint>
    <GreenImageSize>1254,1074</GreenImageSize>
    <LineHeight>10</LineHeight>
    <IsHasGreen>1</IsHasGreen>
</GolfTrack>

<GolfTrack>
	<MapImageName>2.jpg</MapImageName>
	<MapIndex>2</MapIndex>
	<NextMapIndex>3</NextMapIndex>
	<ImageSize>1080,1920</ImageSize>
	<PixelSize>0.2520833</PixelSize>
	<TrackCenterPoint>522,225</TrackCenterPoint>
    <GPSCenterPoint>47.657702,-122.151781</GPSCenterPoint>
    <Rotation>-90</Rotation>

	<GreenMapName>Green-2.jpg</GreenMapName>
	<HeightMapName>H2.png</HeightMapName>
	<GreenMapPixelSize>0.03125</GreenMapPixelSize>
	<GreenCenterPoint>718,517</GreenCenterPoint>
    <GreenImageSize>1258,1098</GreenImageSize>
    <LineHeight>20</LineHeight>
    <IsHasGreen>1</IsHasGreen>
</GolfTrack>

<GolfTrack>
	<MapImageName>3.jpg</MapImageName>
	<MapIndex>3</MapIndex>
	<NextMapIndex>4</NextMapIndex>
	<ImageSize>1080,1920</ImageSize>
	<PixelSize>0.3770833</PixelSize>
	<TrackCenterPoint>416,218</TrackCenterPoint>
    <GPSCenterPoint>47.658232,-122.150791</GPSCenterPoint>
    <Rotation>90</Rotation>
    
    <GreenMapName>Green-3.jpg</GreenMapName>
	<HeightMapName>H3.png</HeightMapName>
	<GreenMapPixelSize>0.03125</GreenMapPixelSize>
	<GreenCenterPoint>718,517</GreenCenterPoint>
    <GreenImageSize>1249,1064</GreenImageSize>
    <LineHeight>20</LineHeight>
    <IsHasGreen>1</IsHasGreen>
</GolfTrack>

<GolfTrack>
	<MapImageName>4.jpg</MapImageName>
	<MapIndex>4</MapIndex>
	<NextMapIndex>5</NextMapIndex>
	<ImageSize>1080,1920</ImageSize>
	<PixelSize>0.1427083</PixelSize>
	<TrackCenterPoint>518,407</TrackCenterPoint>
    <GPSCenterPoint>47.658028,-122.146307</GPSCenterPoint>
    <Rotation>90</Rotation>

	<GreenMapName>Green-4.jpg</GreenMapName>
	<HeightMapName>H4.png</HeightMapName>
	<GreenMapPixelSize>0.03125</GreenMapPixelSize>
	<GreenCenterPoint>718,517</GreenCenterPoint>
    <GreenImageSize>1260,1072</GreenImageSize>
    <LineHeight>12</LineHeight>
    <IsHasGreen>1</IsHasGreen>
</GolfTrack>

<GolfTrack>
	<MapImageName>5.jpg</MapImageName>
	<MapIndex>5</MapIndex>
	<NextMapIndex>6</NextMapIndex>
	<ImageSize>1080,1920</ImageSize>
	<PixelSize>0.2536458</PixelSize>
	<TrackCenterPoint>593,493</TrackCenterPoint>
    <GPSCenterPoint>47.660294,-122.150118</GPSCenterPoint>
    <Rotation>-56</Rotation>

	<GreenMapName>Green-5.jpg</GreenMapName>
	<HeightMapName>H5.png</HeightMapName>
	<GreenMapPixelSize>0.03125</GreenMapPixelSize>
	<GreenCenterPoint>718,517</GreenCenterPoint>
    <GreenImageSize>1246,1074</GreenImageSize>
    <LineHeight>20</LineHeight>
    <IsHasGreen>1</IsHasGreen>
</GolfTrack>

<GolfTrack>
	<MapImageName>6.jpg</MapImageName>
	<MapIndex>6</MapIndex>
	<NextMapIndex>7</NextMapIndex>
	<ImageSize>1080,1920</ImageSize>
	<PixelSize>0.0765625</PixelSize>
	<TrackCenterPoint>757,594</TrackCenterPoint>
    <GPSCenterPoint>47.660179,-122.152747</GPSCenterPoint>
    <Rotation>-90</Rotation>
	
	<GreenMapName>Green-6.jpg</GreenMapName>
	<HeightMapName>H6.png</HeightMapName>
	<GreenMapPixelSize>0.03125</GreenMapPixelSize>
	<GreenCenterPoint>718,517</GreenCenterPoint>
    <GreenImageSize>1244,1092</GreenImageSize>
    <LineHeight>20</LineHeight>
    <IsHasGreen>1</IsHasGreen>
</GolfTrack>

<GolfTrack>
	<MapImageName>7.jpg</MapImageName>
	<MapIndex>7</MapIndex>
	<NextMapIndex>8</NextMapIndex>
	<ImageSize>1080,1920</ImageSize>
	<PixelSize>0.2604166</PixelSize>
	<TrackCenterPoint>575, 235</TrackCenterPoint>
    <GPSCenterPoint>47.658574,-122.149583</GPSCenterPoint>
    <Rotation>125</Rotation>
    
    <GreenMapName>Green-7.jpg</GreenMapName>
	<HeightMapName>H7.png</HeightMapName>
	<GreenMapPixelSize>0.03125</GreenMapPixelSize>
	<GreenCenterPoint>718,517</GreenCenterPoint>
    <GreenImageSize>1214,1068</GreenImageSize>
    <LineHeight>24</LineHeight>
    <IsHasGreen>1</IsHasGreen>
</GolfTrack>

<GolfTrack>
	<MapImageName>8.jpg</MapImageName>
	<MapIndex>8</MapIndex>
	<NextMapIndex>9</NextMapIndex>
	<ImageSize>1080,1920</ImageSize>
	<PixelSize>0.2822915</PixelSize>
	<TrackCenterPoint>504,335</TrackCenterPoint>
    <GPSCenterPoint>47.659239,-122.152331</GPSCenterPoint>
    <Rotation>-90</Rotation>
	
	<GreenMapName>Green-8.jpg</GreenMapName>
	<HeightMapName>H8.png</HeightMapName>
	<GreenMapPixelSize>0.03125</GreenMapPixelSize>
	<GreenCenterPoint>718,517</GreenCenterPoint>
    <GreenImageSize>1232,1090</GreenImageSize>
    <LineHeight>14</LineHeight>
    <IsHasGreen>1</IsHasGreen>
</GolfTrack>

<GolfTrack>	
	<MapImageName>9.jpg</MapImageName>
	<MapIndex>9</MapIndex>
	<NextMapIndex>10</NextMapIndex>
	<ImageSize>1080,1920</ImageSize>
	<PixelSize>0.3630208</PixelSize>
	<TrackCenterPoint>571,257</TrackCenterPoint>
    <GPSCenterPoint>47.657204,-122.152114</GPSCenterPoint>
    <Rotation>-180</Rotation>
	
	<GreenMapName>Green-9.jpg</GreenMapName>
	<HeightMapName>H9.png</HeightMapName>
	<GreenMapPixelSize>0.03125</GreenMapPixelSize>
	<GreenCenterPoint>718,517</GreenCenterPoint>
    <GreenImageSize>1228,1082</GreenImageSize>
    <LineHeight>16</LineHeight>
    <IsHasGreen>1</IsHasGreen>
</GolfTrack>

<GolfTrack>
	<MapImageName>10.jpg</MapImageName>
	<MapIndex>10</MapIndex>
	<NextMapIndex>11</NextMapIndex>
	<ImageSize>1080,1920</ImageSize>
	<PixelSize>0.2223958</PixelSize>
	<TrackCenterPoint>652, 330</TrackCenterPoint>
    <GPSCenterPoint>47.653831,-122.152990</GPSCenterPoint>
    <Rotation>-180</Rotation>
	
	<GreenMapName>Green-10.jpg</GreenMapName>
	<HeightMapName>H10.png</HeightMapName>
	<GreenMapPixelSize>0.03125</GreenMapPixelSize>
	<GreenCenterPoint>718,517</GreenCenterPoint>
    <GreenImageSize>1232,1090</GreenImageSize>
    <LineHeight>18</LineHeight>
    <IsHasGreen>1</IsHasGreen>
</GolfTrack>

<GolfTrack>
	<MapImageName>11.jpg</MapImageName>
	<MapIndex>11</MapIndex>
	<NextMapIndex>12</NextMapIndex>
	<ImageSize>1080,1920</ImageSize>
	<PixelSize>0.3526041</PixelSize>
	<TrackCenterPoint>713,180</TrackCenterPoint>
    <GPSCenterPoint>47.653654,-122.148589</GPSCenterPoint>
    <Rotation>90</Rotation>
    
    <GreenMapName>Green-11.jpg</GreenMapName>
	<HeightMapName>H11.png</HeightMapName>
	<GreenMapPixelSize>0.03125</GreenMapPixelSize>
	<GreenCenterPoint>718,517</GreenCenterPoint>
    <GreenImageSize>1232,1072</GreenImageSize>
    <LineHeight>18</LineHeight>
    <IsHasGreen>1</IsHasGreen>
</GolfTrack>

<GolfTrack>
	<MapImageName>12.jpg</MapImageName>
	<MapIndex>12</MapIndex>
	<NextMapIndex>13</NextMapIndex>
	<ImageSize>1080,1920</ImageSize>
	<PixelSize>0.1390625</PixelSize>
	<TrackCenterPoint>538, 484</TrackCenterPoint>
    <GPSCenterPoint>47.652724,-122.146398</GPSCenterPoint>
    <Rotation>90</Rotation>
    
	<GreenMapName>Green-12.jpg</GreenMapName>
	<HeightMapName>H12.png</HeightMapName>
	<GreenMapPixelSize>0.03125</GreenMapPixelSize>
	<GreenCenterPoint>718,517</GreenCenterPoint>
    <GreenImageSize>1238,1066</GreenImageSize>
    <LineHeight>18</LineHeight>
    <IsHasGreen>1</IsHasGreen>
</GolfTrack>

<GolfTrack>
	<MapImageName>13.jpg</MapImageName>
	<MapIndex>13</MapIndex>
	<NextMapIndex>14</NextMapIndex>
	<ImageSize>1080,1920</ImageSize>
	<PixelSize>0.3677083</PixelSize>
	<TrackCenterPoint>464, 221</TrackCenterPoint>
    <GPSCenterPoint>47.655351,-122.147698</GPSCenterPoint>
    <Rotation>-30</Rotation>
    
	<GreenMapName>Green-13.jpg</GreenMapName>
	<HeightMapName>H13.png</HeightMapName>
	<GreenMapPixelSize>0.03125</GreenMapPixelSize>
	<GreenCenterPoint>718,517</GreenCenterPoint>
    <GreenImageSize>1236,1080</GreenImageSize>
    <LineHeight>12</LineHeight>
    <IsHasGreen>1</IsHasGreen>
</GolfTrack>

<GolfTrack>
	<MapImageName>14.jpg</MapImageName>
	<MapIndex>14</MapIndex>
	<NextMapIndex>15</NextMapIndex>
	<ImageSize>1080,1920</ImageSize>
	<PixelSize>0.2557291</PixelSize>
	<TrackCenterPoint>538, 257</TrackCenterPoint>
    <GPSCenterPoint>47.655658,-122.144148</GPSCenterPoint>
    <Rotation>90</Rotation>
	
	<GreenMapName>Green-14.jpg</GreenMapName>
	<HeightMapName>H14.png</HeightMapName>
	<GreenMapPixelSize>0.03125</GreenMapPixelSize>
	<GreenCenterPoint>718,517</GreenCenterPoint>
    <GreenImageSize>1222,1078</GreenImageSize>
    <LineHeight>20</LineHeight>
    <IsHasGreen>1</IsHasGreen>
</GolfTrack>

<GolfTrack>
	<MapImageName>15.jpg</MapImageName>
	<MapIndex>15</MapIndex>
	<NextMapIndex>16</NextMapIndex>
	<ImageSize>1080,1920</ImageSize>
	<PixelSize>0.2520833</PixelSize>
	<TrackCenterPoint>586, 296</TrackCenterPoint>
    <GPSCenterPoint>47.656674,-122.143820</GPSCenterPoint>
    <Rotation>0</Rotation>

	<GreenMapName>Green-15.jpg</GreenMapName>
	<HeightMapName>H15.png</HeightMapName>
	<GreenMapPixelSize>0.03125</GreenMapPixelSize>
	<GreenCenterPoint>718,517</GreenCenterPoint>
    <GreenImageSize>1214,1074</GreenImageSize>
    <LineHeight>16</LineHeight>
    <IsHasGreen>1</IsHasGreen>
</GolfTrack>

<GolfTrack>
	<MapImageName>16.jpg</MapImageName>
	<MapIndex>16</MapIndex>
	<NextMapIndex>17</NextMapIndex>
	<ImageSize>1080,1920</ImageSize>
	<PixelSize>0.2526041</PixelSize>
	<TrackCenterPoint>332,229</TrackCenterPoint>
    <GPSCenterPoint>47.656293,-122.150190</GPSCenterPoint>
    <Rotation>-90</Rotation>
	
	<GreenMapName>Green-16.jpg</GreenMapName>
	<HeightMapName>H16.png</HeightMapName>
	<GreenMapPixelSize>0.03125</GreenMapPixelSize>
	<GreenCenterPoint>718,517</GreenCenterPoint>
    <GreenImageSize>1234,1074</GreenImageSize>
    <LineHeight>22</LineHeight>
    <IsHasGreen>1</IsHasGreen>
</GolfTrack>

<GolfTrack>						
	<MapImageName>17.jpg</MapImageName>
	<MapIndex>17</MapIndex>
	<NextMapIndex>18</NextMapIndex>
	<ImageSize>1080,1920</ImageSize>
	<PixelSize>0.1494791</PixelSize>
	<TrackCenterPoint>535,485</TrackCenterPoint>
    <GPSCenterPoint>47.653469,-122.146791</GPSCenterPoint>
    <Rotation>135</Rotation>

	<GreenMapName>Green-17.jpg</GreenMapName>
	<HeightMapName>H17.png</HeightMapName>
	<GreenMapPixelSize>0.03125</GreenMapPixelSize>
	<GreenCenterPoint>718,517</GreenCenterPoint>
    <GreenImageSize>1210,1070</GreenImageSize>
    <LineHeight>16</LineHeight>
    <IsHasGreen>1</IsHasGreen>
</GolfTrack>

<GolfTrack>
	<MapImageName>18.jpg</MapImageName>
	<MapIndex>18</MapIndex>
	<NextMapIndex>-1</NextMapIndex>
	<ImageSize>1080,1920</ImageSize>
	<PixelSize>0.2427083</PixelSize>
	<TrackCenterPoint>506,267</TrackCenterPoint>
    <GPSCenterPoint>47.656140,-122.151019</GPSCenterPoint>
    <Rotation>-45</Rotation>

	<GreenMapName>Green-18.jpg</GreenMapName>
	<HeightMapName>H18.png</HeightMapName>
	<GreenMapPixelSize>0.03125</GreenMapPixelSize>
	<GreenCenterPoint>718,517</GreenCenterPoint>
    <GreenImageSize>1226,1072</GreenImageSize>
    <LineHeight>16</LineHeight>
    <IsHasGreen>1</IsHasGreen>
</GolfTrack>
</GolfTracks>
