<?xml version="1.0" encoding="UTF-8" ?>
<GolfTracks>
<GolfTrack>
	<MapImageName>1.jpg</MapImageName>
	<MapIndex>1</MapIndex>
	<NextMapIndex>2</NextMapIndex>
	<IsBeginMap>1</IsBeginMap>
	<ImageSize>1080,1920</ImageSize>
	<PixelSize>0.26875</PixelSize>
	<TrackCenterPoint>748,221</TrackCenterPoint>
	<BlackTee>475,1830</BlackTee>
	<WhiteTee>393,1695</WhiteTee>
	<SearchMapName>1-searchMap.png</SearchMapName>
    <GPSCenterPoint>47.657022,-122.146384</GPSCenterPoint>
    <Rotation>90</Rotation>
	<TrackKeyPoint>
		<Point>444,1485</Point>
		<Point>397,1206</Point>
		<Point>369,1061</Point>
		<Point>362,954</Point>
		<Point>400,769</Point>
		<Point>490,560</Point>
		<Point>597,326</Point>
	</TrackKeyPoint>
	<GreenMapName>Green-1.jpg</GreenMapName>
	<HeightMapName>H1.png</HeightMapName>
	<GreenMapPixelSize>0.03125</GreenMapPixelSize>
	<GreenCenterPoint>718,517</GreenCenterPoint>
    <GreenImageSize>1254,1074</GreenImageSize>
    <LineHeight>10</LineHeight>
    <GreenPartitions>
        <GreenPartition>
            <Point>374,535</Point>
            <Width>216</Width>
            <Height>120</Height>
        </GreenPartition>
        <GreenPartition>
            <Point>297,658</Point>
            <Width>293</Width>
            <Height>120</Height>
        </GreenPartition>
        <GreenPartition>
            <Point>593,498</Point>
            <Width>293</Width>
            <Height>280</Height>
        </GreenPartition>
        <GreenPartition>
            <Point>890,497</Point>
            <Width>129</Width>
            <Height>120</Height>
        </GreenPartition>
        <GreenPartition>
            <Point>757,373</Point>
            <Width>333</Width>
            <Height>120</Height>
        </GreenPartition>
        <GreenPartition>
            <Point>823,285</Point>
            <Width>171</Width>
            <Height>84</Height>
        </GreenPartition>
    </GreenPartitions>
</GolfTrack>

<GolfTrack>
	<MapImageName>2.jpg</MapImageName>
	<MapIndex>2</MapIndex>
	<NextMapIndex>3</NextMapIndex>
	<ImageSize>1080,1920</ImageSize>
	<PixelSize>0.2520833</PixelSize>
	<TrackCenterPoint>522,225</TrackCenterPoint>
	<BlackTee>525,1825</BlackTee>
	<WhiteTee>549,1532</WhiteTee>
	<SearchMapName>2-searchMap.png</SearchMapName>
    <GPSCenterPoint>47.657702,-122.151781</GPSCenterPoint>
    <Rotation>-90</Rotation>
	<TrackKeyPoint>
		<Point>564,1376</Point>
		<Point>588,1225</Point>
		<Point>641,1039</Point>
		<Point>560,771</Point>
		<Point>546,610</Point>
		<Point>537,470</Point>
		<Point>533,340</Point>
	</TrackKeyPoint>
	<GreenMapName>Green-2.jpg</GreenMapName>
	<HeightMapName>H2.png</HeightMapName>
	<GreenMapPixelSize>0.03125</GreenMapPixelSize>
	<GreenCenterPoint>718,517</GreenCenterPoint>
    <GreenImageSize>1258,1098</GreenImageSize>
    <LineHeight>20</LineHeight>
    <GreenPartitions>
        <GreenPartition>
            <Point>397,606</Point>
            <Width>116</Width>
            <Height>162</Height>
        </GreenPartition>
        <GreenPartition>
            <Point>500,459</Point>
            <Width>300</Width>
            <Height>327</Height>
        </GreenPartition>
        <GreenPartition>
            <Point>661,375</Point>
            <Width>355</Width>
            <Height>82</Height>
        </GreenPartition>
        <GreenPartition>
            <Point>804,462</Point>
            <Width>257</Width>
            <Height>138</Height>
        </GreenPartition>
        <GreenPartition>
            <Point>803,603</Point>
            <Width>139</Width>
            <Height>122</Height>
        </GreenPartition>
    </GreenPartitions>
</GolfTrack>

<GolfTrack>
	<MapImageName>3.jpg</MapImageName>
	<MapIndex>3</MapIndex>
	<NextMapIndex>4</NextMapIndex>
	<ImageSize>1080,1920</ImageSize>
	<PixelSize>0.3770833</PixelSize>
	<TrackCenterPoint>416,218</TrackCenterPoint>
	<BlackTee>565,1803</BlackTee>
	<WhiteTee>577,1572</WhiteTee>
	<SearchMapName>3-searchMap.png</SearchMapName>
    <GPSCenterPoint>47.658232,-122.150791</GPSCenterPoint>
    <Rotation>90</Rotation>
	<TrackKeyPoint>
		<Point>545,1493</Point>
		<Point>563, 1361</Point>
		<Point>582, 1226</Point>
		<Point>618, 1050</Point>
		<Point>635, 852</Point>
		<Point>626, 691</Point>
		<Point>623, 563</Point>
		<Point>591, 413</Point>
		<Point>522, 314</Point>
	</TrackKeyPoint>
	<GreenMapName>Green-3.jpg</GreenMapName>
	<HeightMapName>H3.png</HeightMapName>
	<GreenMapPixelSize>0.03125</GreenMapPixelSize>
	<GreenCenterPoint>718,517</GreenCenterPoint>
    <GreenImageSize>1249,1064</GreenImageSize>
    <LineHeight>20</LineHeight>
    <GreenPartitions>
        <GreenPartition>
            <Point>407,279</Point>
            <Width>262</Width>
            <Height>241</Height>
        </GreenPartition>
        <GreenPartition>
            <Point>534,525</Point>
            <Width>138</Width>
            <Height>69</Height>
        </GreenPartition>
        <GreenPartition>
            <Point>674,385</Point>
            <Width>263</Width>
            <Height>211</Height>
        </GreenPartition>
        <GreenPartition>
            <Point>941,431</Point>
            <Width>138</Width>
            <Height>164</Height>
        </GreenPartition>
        <GreenPartition>
            <Point>613,599</Point>
            <Width>430</Width>
            <Height>133</Height>
        </GreenPartition>
        <GreenPartition>
            <Point>691,736</Point>
            <Width>295</Width>
            <Height>96</Height>
        </GreenPartition>
    </GreenPartitions>
</GolfTrack>

<GolfTrack>
	<MapImageName>4.jpg</MapImageName>
	<MapIndex>4</MapIndex>
	<NextMapIndex>5</NextMapIndex>
	<ImageSize>1080,1920</ImageSize>
	<PixelSize>0.1427083</PixelSize>
	<TrackCenterPoint>518,407</TrackCenterPoint>
	<BlackTee>520,1726</BlackTee>
	<WhiteTee>590,1386</WhiteTee>
	<SearchMapName>4-searchMap.png</SearchMapName>
    <GPSCenterPoint>47.658028,-122.146307</GPSCenterPoint>
    <Rotation>90</Rotation>
	<TrackKeyPoint>		
		<Point>602, 1130</Point>
		<Point>648, 991</Point>
		<Point>663, 795</Point>
		<Point>663, 631</Point>
	</TrackKeyPoint>
	<GreenMapName>Green-4.jpg</GreenMapName>
	<HeightMapName>H4.png</HeightMapName>
	<GreenMapPixelSize>0.03125</GreenMapPixelSize>
	<GreenCenterPoint>718,517</GreenCenterPoint>
    <GreenImageSize>1260,1072</GreenImageSize>
    <LineHeight>12</LineHeight>
    <GreenPartitions>
        <GreenPartition>
            <Point>428,358</Point>
            <Width>330</Width>
            <Height>201</Height>
        </GreenPartition>
        <GreenPartition>
            <Point>561,271</Point>
            <Width>330</Width>
            <Height>79</Height>
        </GreenPartition>
        <GreenPartition>
            <Point>759,355</Point>
            <Width>179</Width>
            <Height>380</Height>
        </GreenPartition>
        <GreenPartition>
            <Point>675,562</Point>
            <Width>80</Width>
            <Height>79</Height>
        </GreenPartition>
        <GreenPartition>
            <Point>834,738</Point>
            <Width>103</Width>
            <Height>94</Height>
        </GreenPartition>
        <GreenPartition>
            <Point>941,476</Point>
            <Width>80</Width>
            <Height>356</Height>
        </GreenPartition>
    </GreenPartitions>
</GolfTrack>

<GolfTrack>
	<MapImageName>5.jpg</MapImageName>
	<MapIndex>5</MapIndex>
	<NextMapIndex>6</NextMapIndex>
	<ImageSize>1080,1920</ImageSize>
	<PixelSize>0.2536458</PixelSize>
	<TrackCenterPoint>593,493</TrackCenterPoint>
	<BlackTee>624,1815</BlackTee>
	<WhiteTee>542,1711</WhiteTee>
	<SearchMapName>5-searchMap.png</SearchMapName>
    <GPSCenterPoint>47.660294,-122.150118</GPSCenterPoint>
    <Rotation>-56</Rotation>
	<TrackKeyPoint>
		<Point>472, 1352</Point>
		<Point>463, 1257</Point>
		<Point>451, 1137</Point>
		<Point>432, 1041</Point>
		<Point>409, 938</Point>
		<Point>393, 832</Point>
	</TrackKeyPoint>
	<GreenMapName>Green-5.jpg</GreenMapName>
	<HeightMapName>H5.png</HeightMapName>
	<GreenMapPixelSize>0.03125</GreenMapPixelSize>
	<GreenCenterPoint>718,517</GreenCenterPoint>
    <GreenImageSize>1246,1074</GreenImageSize>
    <LineHeight>20</LineHeight>
    <GreenPartitions>
        <GreenPartition>
            <Point>452,420</Point>
            <Width>109</Width>
            <Height>243</Height>
        </GreenPartition>
        <GreenPartition>
            <Point>565,365</Point>
            <Width>438</Width>
            <Height>200</Height>
        </GreenPartition>
        <GreenPartition>
            <Point>564,569</Point>
            <Width>227</Width>
            <Height>200</Height>
        </GreenPartition>
        <GreenPartition>
            <Point>795,568</Point>
            <Width>212</Width>
            <Height>95</Height>
        </GreenPartition>
    </GreenPartitions>
</GolfTrack>

<GolfTrack>
	<MapImageName>6.jpg</MapImageName>
	<MapIndex>6</MapIndex>
	<NextMapIndex>7</NextMapIndex>
	<ImageSize>1080,1920</ImageSize>
	<PixelSize>0.0765625</PixelSize>
	<TrackCenterPoint>757,594</TrackCenterPoint>
	<BlackTee>740,1719</BlackTee>
	<WhiteTee>672,1547</WhiteTee>
	<SearchMapName>6-searchMap.png</SearchMapName>
    <GPSCenterPoint>47.660179,-122.152747</GPSCenterPoint>
    <Rotation>-90</Rotation>
	
	<GreenMapName>Green-6.jpg</GreenMapName>
	<HeightMapName>H6.png</HeightMapName>
	<GreenMapPixelSize>0.03125</GreenMapPixelSize>
	<GreenCenterPoint>718,517</GreenCenterPoint>
    <GreenImageSize>1244,1092</GreenImageSize>
    <LineHeight>20</LineHeight>
    <GreenPartitions>
        <GreenPartition>
            <Point>458,207</Point>
            <Width>233</Width>
            <Height>109</Height>
        </GreenPartition>
        <GreenPartition>
            <Point>518,320</Point>
            <Width>257</Width>
            <Height>257</Height>
        </GreenPartition>
        <GreenPartition>
            <Point>779,425</Point>
            <Width>88</Width>
            <Height>153</Height>
        </GreenPartition>
        <GreenPartition>
            <Point>572,581</Point>
            <Width>351</Width>
            <Height>206</Height>
        </GreenPartition>
        <GreenPartition>
            <Point>690,792</Point>
            <Width>233</Width>
            <Height>109</Height>
        </GreenPartition>
    </GreenPartitions>
</GolfTrack>

<GolfTrack>
	<MapImageName>7.jpg</MapImageName>
	<MapIndex>7</MapIndex>
	<NextMapIndex>8</NextMapIndex>
	<ImageSize>1080,1920</ImageSize>
	<PixelSize>0.2604166</PixelSize>
	<TrackCenterPoint>575, 235</TrackCenterPoint>
	<BlackTee>556, 1824</BlackTee>
	<WhiteTee>473, 1497</WhiteTee>
	<SearchMapName>7-searchMap.png</SearchMapName>
    <GPSCenterPoint>47.658574,-122.149583</GPSCenterPoint>
    <Rotation>125</Rotation>
	<TrackKeyPoint>
		<Point>438, 1182</Point>
		<Point>431, 997</Point>
		<Point>431, 919</Point>
		<Point>469, 836</Point>
		<Point>477, 747</Point>
		<Point>455, 591</Point>
		<Point>476, 526</Point>
		<Point>535, 457</Point>
		<Point>606, 403</Point>
	</TrackKeyPoint>
	<GreenMapName>Green-7.jpg</GreenMapName>
	<HeightMapName>H7.png</HeightMapName>
	<GreenMapPixelSize>0.03125</GreenMapPixelSize>
	<GreenCenterPoint>718,517</GreenCenterPoint>
    <GreenImageSize>1214,1068</GreenImageSize>
    <LineHeight>24</LineHeight>
    <GreenPartitions>
        <GreenPartition>
            <Point>644,307</Point>
            <Width>123</Width>
            <Height>373</Height>
        </GreenPartition>
        <GreenPartition>
            <Point>772,307</Point>
            <Width>189</Width>
            <Height>209</Height>
        </GreenPartition>
        <GreenPartition>
            <Point>553,380</Point>
            <Width>273</Width>
            <Height>190</Height>
        </GreenPartition>
        <GreenPartition>
            <Point>467,499</Point>
            <Width>173</Width>
            <Height>274</Height>
        </GreenPartition>
        <GreenPartition>
            <Point>551,655</Point>
            <Width>144</Width>
            <Height>167</Height>
        </GreenPartition>
    </GreenPartitions>
</GolfTrack>

<GolfTrack>
	<MapImageName>8.jpg</MapImageName>
	<MapIndex>8</MapIndex>
	<NextMapIndex>9</NextMapIndex>
	<ImageSize>1080,1920</ImageSize>
	<PixelSize>0.2822915</PixelSize>
	<TrackCenterPoint>504,335</TrackCenterPoint>
	<BlackTee>593,1823</BlackTee>
	<WhiteTee>603,1569</WhiteTee>
	<SearchMapName>8-searchMap.png</SearchMapName>
    <GPSCenterPoint>47.659239,-122.152331</GPSCenterPoint>
    <Rotation>-90</Rotation>
	<TrackKeyPoint>
		<Point>502,1350</Point>	
		<Point>537,1289</Point>
		<Point>562,1139</Point>
		<Point>512,945</Point>
		<Point>464,754</Point>
		<Point>450,631</Point>
		<Point>454,518</Point>
		<Point>483,426</Point>
	</TrackKeyPoint>
	<GreenMapName>Green-8.jpg</GreenMapName>
	<HeightMapName>H8.png</HeightMapName>
	<GreenMapPixelSize>0.03125</GreenMapPixelSize>
	<GreenCenterPoint>718,517</GreenCenterPoint>
    <GreenImageSize>1232,1090</GreenImageSize>
    <LineHeight>14</LineHeight>
    <GreenPartitions>
        <GreenPartition>
            <Point>585,285</Point>
            <Width>432</Width>
            <Height>351</Height>
        </GreenPartition>
        <GreenPartition>
            <Point>454,373</Point>
            <Width>432</Width>
            <Height>447</Height>
        </GreenPartition>
        <GreenPartition>
            <Point>301,444</Point>
            <Width>281</Width>
            <Height>276</Height>
        </GreenPartition>
    </GreenPartitions>
</GolfTrack>

<GolfTrack>	
	<MapImageName>9.jpg</MapImageName>
	<MapIndex>9</MapIndex>
	<NextMapIndex>10</NextMapIndex>
	<ImageSize>1080,1920</ImageSize>
	<PixelSize>0.3630208</PixelSize>
	<TrackCenterPoint>571,257</TrackCenterPoint>
	<BlackTee>576,1814</BlackTee>
	<WhiteTee>658,1672</WhiteTee>
	<SearchMapName>9-searchMap.png</SearchMapName>
    <GPSCenterPoint>47.657204,-122.152114</GPSCenterPoint>
    <Rotation>-180</Rotation>
	<TrackKeyPoint>
		<Point>594, 1490</Point>	
		<Point>599, 1340</Point>	
		<Point>599, 1226</Point>	
		<Point>616, 1109</Point>	
		<Point>604, 957</Point>	
		<Point>591, 833</Point>	
		<Point>591, 597</Point>	
		<Point>587, 455</Point>	
		<Point>601, 398</Point>	
		<Point>596, 349</Point>
	</TrackKeyPoint>
	<GreenMapName>Green-9.jpg</GreenMapName>
	<HeightMapName>H9.png</HeightMapName>
	<GreenMapPixelSize>0.03125</GreenMapPixelSize>
	<GreenCenterPoint>718,517</GreenCenterPoint>
    <GreenImageSize>1228,1082</GreenImageSize>
    <LineHeight>16</LineHeight>
    <GreenPartitions>
        <GreenPartition>
            <Point>512,253</Point>
            <Width>210</Width>
            <Height>412</Height>
        </GreenPartition>
        <GreenPartition>
            <Point>638,367</Point>
            <Width>192</Width>
            <Height>190</Height>
        </GreenPartition>
        <GreenPartition>
            <Point>509,562</Point>
            <Width>381</Width>
            <Height>350</Height>
        </GreenPartition>
    </GreenPartitions>
</GolfTrack>

<GolfTrack>
	<MapImageName>10.jpg</MapImageName>
	<MapIndex>10</MapIndex>
	<NextMapIndex>11</NextMapIndex>
	<ImageSize>1080,1920</ImageSize>
	<PixelSize>0.2223958</PixelSize>
	<TrackCenterPoint>652, 330</TrackCenterPoint>
	<BlackTee>561, 1778</BlackTee>
	<WhiteTee>557, 1502</WhiteTee>
	<SearchMapName>10-searchMap.png</SearchMapName>
    <GPSCenterPoint>47.653831,-122.152990</GPSCenterPoint>
    <Rotation>-180</Rotation>
	<TrackKeyPoint>
		<Point>540, 1314</Point>	
		<Point>502, 1207</Point>	
		<Point>465, 1070</Point>	
		<Point>446, 953</Point>	
		<Point>494, 811</Point>	
		<Point>515, 707</Point>
		<Point>500, 604</Point>	
		<Point>533, 532</Point>	
		<Point>620, 431</Point>		
	</TrackKeyPoint>
	<GreenMapName>Green-10.jpg</GreenMapName>
	<HeightMapName>H10.png</HeightMapName>
	<GreenMapPixelSize>0.03125</GreenMapPixelSize>
	<GreenCenterPoint>718,517</GreenCenterPoint>
    <GreenImageSize>1232,1090</GreenImageSize>
    <LineHeight>18</LineHeight>
    <GreenPartitions>
        <GreenPartition>
            <Point>420,258</Point>
            <Width>138</Width>
            <Height>298</Height>
        </GreenPartition>
        <GreenPartition>
            <Point>564,326</Point>
            <Width>127</Width>
            <Height>442</Height>
        </GreenPartition>
        <GreenPartition>
            <Point>595,379</Point>
            <Width>139</Width>
            <Height>422</Height>
        </GreenPartition>
        <GreenPartition>
            <Point>477,462</Point>
            <Width>448</Width>
            <Height>220</Height>
        </GreenPartition>
    </GreenPartitions>
</GolfTrack>

<GolfTrack>
	<MapImageName>11.jpg</MapImageName>
	<MapIndex>11</MapIndex>
	<NextMapIndex>12</NextMapIndex>
	<ImageSize>1080,1920</ImageSize>
	<PixelSize>0.3526041</PixelSize>
	<TrackCenterPoint>713,180</TrackCenterPoint>
	<BlackTee>514,1838</BlackTee>
	<WhiteTee>334,1703</WhiteTee>
	<SearchMapName>11-searchMap.png</SearchMapName>
    <GPSCenterPoint>47.653654,-122.148589</GPSCenterPoint>
    <Rotation>90</Rotation>
	<TrackKeyPoint>
		<Point>393, 1511</Point>	
		<Point>402, 1342</Point>	
		<Point>476, 1056</Point>	
		<Point>462, 867</Point>	
		<Point>416, 690</Point>	
		<Point>427, 591</Point>	
		<Point>564, 412</Point>	
		<Point>627, 341</Point>	
		<Point>700, 276</Point>	
		<Point>717, 237</Point>	
	</TrackKeyPoint>
	<GreenMapName>Green-11.jpg</GreenMapName>
	<HeightMapName>H11.png</HeightMapName>
	<GreenMapPixelSize>0.03125</GreenMapPixelSize>
	<GreenCenterPoint>718,517</GreenCenterPoint>
    <GreenImageSize>1232,1072</GreenImageSize>
    <LineHeight>18</LineHeight>
    <GreenPartitions>
        <GreenPartition>
            <Point>408,315</Point>
            <Width>154</Width>
            <Height>252</Height>
        </GreenPartition>
        <GreenPartition>
            <Point>487,377</Point>
            <Width>227</Width>
            <Height>284</Height>
        </GreenPartition>
        <GreenPartition>
            <Point>694,376</Point>
            <Width>202</Width>
            <Height>324</Height>
        </GreenPartition>
        <GreenPartition>
            <Point>854,316</Point>
            <Width>227</Width>
            <Height>196</Height>
        </GreenPartition>
        <GreenPartition>
            <Point>854,516</Point>
            <Width>143</Width>
            <Height>113</Height>
        </GreenPartition>
    </GreenPartitions>

</GolfTrack>

<GolfTrack>
	<MapImageName>12.jpg</MapImageName>
	<MapIndex>12</MapIndex>
	<NextMapIndex>13</NextMapIndex>
	<ImageSize>1080,1920</ImageSize>
	<PixelSize>0.1390625</PixelSize>
	<TrackCenterPoint>538, 484</TrackCenterPoint>
	<BlackTee>560,1713</BlackTee>
	<WhiteTee>813, 1352</WhiteTee>
	<SearchMapName>12-searchMap.png</SearchMapName>
    <GPSCenterPoint>47.652724,-122.146398</GPSCenterPoint>
    <Rotation>90</Rotation>
	<TrackKeyPoint>
		<Point>563,839</Point>	
		<Point>572,670</Point>	
	</TrackKeyPoint>
    
	<GreenMapName>Green-12.jpg</GreenMapName>
	<HeightMapName>H12.png</HeightMapName>
	<GreenMapPixelSize>0.03125</GreenMapPixelSize>
	<GreenCenterPoint>718,517</GreenCenterPoint>
    <GreenImageSize>1238,1066</GreenImageSize>
    <LineHeight>18</LineHeight>
    <GreenPartitions>
        <GreenPartition>
            <Point>423,390</Point>
            <Width>543</Width>
            <Height>282</Height>
        </GreenPartition>
        <GreenPartition>
            <Point>460,330</Point>
            <Width>447</Width>
            <Height>413</Height>
        </GreenPartition>
        <GreenPartition>
            <Point>564,271</Point>
            <Width>259</Width>
            <Height>533</Height>
        </GreenPartition>
    </GreenPartitions>
</GolfTrack>

<GolfTrack>
	<MapImageName>13.jpg</MapImageName>
	<MapIndex>13</MapIndex>
	<NextMapIndex>14</NextMapIndex>
	<ImageSize>1080,1920</ImageSize>
	<PixelSize>0.3677083</PixelSize>
	<TrackCenterPoint>464, 221</TrackCenterPoint>
	<BlackTee>460, 1837</BlackTee>
	<WhiteTee>784, 1689</WhiteTee>
	<SearchMapName>13-searchMap.png</SearchMapName>
    <GPSCenterPoint>47.655351,-122.147698</GPSCenterPoint>
    <Rotation>-30</Rotation>
	<TrackKeyPoint>
		<Point>616,1588</Point>	
		<Point>730,1396</Point>	
		<Point>744,1261</Point>
		<Point>735,1054</Point>
		<Point>693,977</Point>
		<Point>604,835</Point>
		<Point>473,707</Point>
		<Point>476,618</Point>
		<Point>389,520</Point>
		<Point>405,356</Point>
	</TrackKeyPoint>
    
	<GreenMapName>Green-13.jpg</GreenMapName>
	<HeightMapName>H13.png</HeightMapName>
	<GreenMapPixelSize>0.03125</GreenMapPixelSize>
	<GreenCenterPoint>718,517</GreenCenterPoint>
    <GreenImageSize>1236,1080</GreenImageSize>
    <LineHeight>12</LineHeight>
    <GreenPartitions>
        <GreenPartition>
            <Point>405,428</Point>
            <Width>579</Width>
            <Height>734</Height>
        </GreenPartition>
        <GreenPartition>
            <Point>527,308</Point>
            <Width>499</Width>
            <Height>200</Height>
        </GreenPartition>
        <GreenPartition>
            <Point>698,259</Point>
            <Width>246</Width>
            <Height>343</Height>
        </GreenPartition>
        <GreenPartition>
            <Point>499,696</Point>
            <Width>246</Width>
            <Height>179</Height>
        </GreenPartition>
        <GreenPartition>
            <Point>499,696</Point>
            <Width>270</Width>
            <Height>150</Height>
        </GreenPartition>
    </GreenPartitions>
</GolfTrack>

<GolfTrack>
	<MapImageName>14.jpg</MapImageName>
	<MapIndex>14</MapIndex>
	<NextMapIndex>15</NextMapIndex>
	<ImageSize>1080,1920</ImageSize>
	<PixelSize>0.2557291</PixelSize>
	<TrackCenterPoint>538, 257</TrackCenterPoint>
	<BlackTee>531,1821</BlackTee>
	<WhiteTee>423,1685</WhiteTee>
	<SearchMapName>14-searchMap.png</SearchMapName>
    <GPSCenterPoint>47.655658,-122.144148</GPSCenterPoint>
    <Rotation>90</Rotation>
	<TrackKeyPoint>
		<Point>520,1600</Point>	
		<Point>536,1470</Point>
		<Point>550,1319</Point>
		<Point>565,1132</Point>
		<Point>578,846</Point>
		<Point>555,661</Point>
		<Point>543,518</Point>
		<Point>528,415</Point>
	</TrackKeyPoint>
	<GreenMapName>Green-14.jpg</GreenMapName>
	<HeightMapName>H14.png</HeightMapName>
	<GreenMapPixelSize>0.03125</GreenMapPixelSize>
	<GreenCenterPoint>718,517</GreenCenterPoint>
    <GreenImageSize>1222,1078</GreenImageSize>
    <LineHeight>20</LineHeight>
    <GreenPartitions>
        <GreenPartition>
            <Point>509,253</Point>
            <Width>255</Width>
            <Height>304</Height>
        </GreenPartition>
        <GreenPartition>
            <Point>728,185</Point>
            <Width>227</Width>
            <Height>283</Height>
        </GreenPartition>
        <GreenPartition>
            <Point>620,472</Point>
            <Width>270</Width>
            <Height>250</Height>
        </GreenPartition>
        <GreenPartition>
            <Point>619,724</Point>
            <Width>313</Width>
            <Height>232</Height>
        </GreenPartition>
    </GreenPartitions>
</GolfTrack>

<GolfTrack>
	<MapImageName>15.jpg</MapImageName>
	<MapIndex>15</MapIndex>
	<NextMapIndex>16</NextMapIndex>
	<ImageSize>1080,1920</ImageSize>
	<PixelSize>0.2520833</PixelSize>
	<TrackCenterPoint>586, 296</TrackCenterPoint>
	<BlackTee>569, 1822</BlackTee>
	<WhiteTee>415, 1636</WhiteTee>
	<SearchMapName>15-searchMap.png</SearchMapName>
    <GPSCenterPoint>47.656674,-122.143820</GPSCenterPoint>
    <Rotation>0</Rotation>
	<TrackKeyPoint>
		<Point>558,1436</Point>	
		<Point>577,1163</Point>	
		<Point>543,984</Point>	
		<Point>548,844</Point>	
		<Point>560,642</Point>	
		<Point>538, 469</Point>	
	</TrackKeyPoint>
	<GreenMapName>Green-15.jpg</GreenMapName>
	<HeightMapName>H15.png</HeightMapName>
	<GreenMapPixelSize>0.03125</GreenMapPixelSize>
	<GreenCenterPoint>718,517</GreenCenterPoint>
    <GreenImageSize>1214,1074</GreenImageSize>
    <LineHeight>16</LineHeight>
    <GreenPartitions>
        <GreenPartition>
            <Point>728,200</Point>
            <Width>246</Width>
            <Height>166</Height>
        </GreenPartition>
        <GreenPartition>
            <Point>516,270</Point>
            <Width>363</Width>
            <Height>244</Height>
        </GreenPartition>
        <GreenPartition>
            <Point>413,381</Point>
            <Width>389</Width>
            <Height>244</Height>
        </GreenPartition>
        <GreenPartition>
            <Point>359,535</Point>
            <Width>337</Width>
            <Height>244</Height>
        </GreenPartition>
        <GreenPartition>
            <Point>337,755</Point>
            <Width>211</Width>
            <Height>136</Height>
        </GreenPartition>
    </GreenPartitions>
</GolfTrack>

<GolfTrack>
	<MapImageName>16.jpg</MapImageName>
	<MapIndex>16</MapIndex>
	<NextMapIndex>17</NextMapIndex>
	<ImageSize>1080,1920</ImageSize>
	<PixelSize>0.2526041</PixelSize>
	<TrackCenterPoint>332,229</TrackCenterPoint>
	<BlackTee>318,1811</BlackTee>
	<WhiteTee>496,1588</WhiteTee>
	<SearchMapName>16-searchMap.png</SearchMapName>
    <GPSCenterPoint>47.656293,-122.150190</GPSCenterPoint>
    <Rotation>-90</Rotation>
	<TrackKeyPoint>
		<Point>547,1404</Point>	
		<Point>710,1102</Point>	
		<Point>728,993</Point>	
		<Point>720,903</Point>	
		<Point>582,727</Point>	
		<Point>556,634</Point>	
		<Point>506,564</Point>	
		<Point>427,458</Point>	
		<Point>373,354</Point>		
	</TrackKeyPoint>
	<GreenMapName>Green-16.jpg</GreenMapName>
	<HeightMapName>H16.png</HeightMapName>
	<GreenMapPixelSize>0.03125</GreenMapPixelSize>
	<GreenCenterPoint>718,517</GreenCenterPoint>
    <GreenImageSize>1234,1074</GreenImageSize>
    <LineHeight>22</LineHeight>
    <GreenPartitions>
        <GreenPartition>
            <Point>601,277</Point>
            <Width>165</Width>
            <Height>235</Height>
        </GreenPartition>
        <GreenPartition>
            <Point>440,358</Point>
            <Width>157</Width>
            <Height>154</Height>
        </GreenPartition>
        <GreenPartition>
            <Point>416,516</Point>
            <Width>475</Width>
            <Height>199</Height>
        </GreenPartition>
        <GreenPartition>
            <Point>481,719</Point>
            <Width>354</Width>
            <Height>117</Height>
        </GreenPartition>
    </GreenPartitions>
</GolfTrack>

<GolfTrack>						
	<MapImageName>17.jpg</MapImageName>
	<MapIndex>17</MapIndex>
	<NextMapIndex>18</NextMapIndex>
	<ImageSize>1080,1920</ImageSize>
	<PixelSize>0.1494791</PixelSize>
	<TrackCenterPoint>535,485</TrackCenterPoint>
	<BlackTee>520,1714</BlackTee>
	<WhiteTee>523,1457</WhiteTee>
	<SearchMapName>17-searchMap.png</SearchMapName>
    <GPSCenterPoint>47.653469,-122.146791</GPSCenterPoint>
    <Rotation>135</Rotation>
	<TrackKeyPoint>
		<Point>528, 1280</Point>
		<Point>537, 1069</Point>
		<Point>533, 851</Point>
	</TrackKeyPoint>
	<GreenMapName>Green-17.jpg</GreenMapName>
	<HeightMapName>H17.png</HeightMapName>
	<GreenMapPixelSize>0.03125</GreenMapPixelSize>
	<GreenCenterPoint>718,517</GreenCenterPoint>
    <GreenImageSize>1210,1070</GreenImageSize>
    <LineHeight>16</LineHeight>
    <GreenPartitions>
        <GreenPartition>
            <Point>859,263</Point>
            <Width>166</Width>
            <Height>141</Height>
        </GreenPartition>
        <GreenPartition>
            <Point>764,308</Point>
            <Width>188</Width>
            <Height>158</Height>
        </GreenPartition>
        <GreenPartition>
            <Point>624,358</Point>
            <Width>198</Width>
            <Height>158</Height>
        </GreenPartition>
        <GreenPartition>
            <Point>535,410</Point>
            <Width>198</Width>
            <Height>266</Height>
        </GreenPartition>
        <GreenPartition>
            <Point>433,521</Point>
            <Width>217</Width>
            <Height>378</Height>
        </GreenPartition>
        <GreenPartition>
            <Point>407,679</Point>
            <Width>285</Width>
            <Height>130</Height>
        </GreenPartition>
    </GreenPartitions>
</GolfTrack>

<GolfTrack>
	<MapImageName>18.jpg</MapImageName>
	<MapIndex>18</MapIndex>
	<NextMapIndex>-1</NextMapIndex>
	<ImageSize>1080,1920</ImageSize>
	<PixelSize>0.2427083</PixelSize>
	<TrackCenterPoint>506,267</TrackCenterPoint>
	<BlackTee>494,1824</BlackTee>
	<WhiteTee>444,1571</WhiteTee>
	<SearchMapName>18-searchMap.png</SearchMapName>
    <GPSCenterPoint>47.656140,-122.151019</GPSCenterPoint>
    <Rotation>-45</Rotation>
	<TrackKeyPoint>
		<Point>556,1445</Point>	
		<Point>564,1313</Point>	
		<Point>553,1111</Point>	
		<Point>528,911</Point>	
		<Point>531,737</Point>	
		<Point>523,489</Point>	
		<Point>517,397</Point>				
	</TrackKeyPoint>
	<GreenMapName>Green-18.jpg</GreenMapName>
	<HeightMapName>H18.png</HeightMapName>
	<GreenMapPixelSize>0.03125</GreenMapPixelSize>
	<GreenCenterPoint>718,517</GreenCenterPoint>
    <GreenImageSize>1226,1072</GreenImageSize>
    <LineHeight>16</LineHeight>
    <GreenPartitions>
        <GreenPartition>
            <Point>598,251</Point>
            <Width>295</Width>
            <Height>620</Height>
        </GreenPartition>
        <GreenPartition>
            <Point>485,314</Point>
            <Width>480</Width>
            <Height>488</Height>
        </GreenPartition>
        <GreenPartition>
            <Point>403,397</Point>
            <Width>614</Width>
            <Height>314</Height>
        </GreenPartition>
    </GreenPartitions>
</GolfTrack>
</GolfTracks>
