<?xml version="1.0" encoding="UTF-8" ?>
<GolfTracks>
<GolfTrack>
	<MapImageName>1.jpg</MapImageName>
	<MapIndex>1</MapIndex>
	<NextMapIndex>2</NextMapIndex>
	<IsBeginMap>1</IsBeginMap>
	<ImageSize>1080,1920</ImageSize>
	<PixelSize>0.26875</PixelSize>
	<HolePos>748,221</HolePos>
	<BlackTee>475,1830</BlackTee>
	<WhiteTee>393,1695</WhiteTee>
	<SearchMapName>1-searchMap.png</SearchMapName>
	<TrackKeyPoint>
		<Point>444,1485</Point>
		<Point>397,1206</Point>
		<Point>369,1061</Point>
		<Point>362,954</Point>
		<Point>400,769</Point>
		<Point>490,560</Point>
		<Point>597,326</Point>
	</TrackKeyPoint>
	<GreenMapName>green-Test.jpg</GreenMapName>
	<HeightMapName>H-Test.png</HeightMapName>
	<GreenMapPixelSize>0.05541</GreenMapPixelSize>
	<GreenCenterPoint>718,517</GreenCenterPoint>
    <GreenHolePoint>
        <Point>4,6</Point>
        <Point>7,6</Point>
        <Point>-7,0</Point>
        <Point>-1,1</Point>
        <Point>1,-2</Point>
        <Point>6,0</Point>
        <Point>-7,-6</Point>
        <Point>0,-7</Point>
        <Point>5,-5</Point>
    </GreenHolePoint>
</GolfTrack>

<GolfTrack>
	<MapImageName>2.jpg</MapImageName>
	<MapIndex>2</MapIndex>
	<NextMapIndex>3</NextMapIndex>
	<ImageSize>1080,1920</ImageSize>
	<PixelSize>0.2520833</PixelSize>
	<HolePos>522,225</HolePos>
	<BlackTee>525,1825</BlackTee>
	<WhiteTee>549,1532</WhiteTee>
	<SearchMapName>2-searchMap.png</SearchMapName>
	<TrackKeyPoint>
		<Point>564,1376</Point>
		<Point>588,1225</Point>
		<Point>641,1039</Point>
		<Point>560,771</Point>
		<Point>546,610</Point>
		<Point>537,470</Point>
		<Point>533,340</Point>
	</TrackKeyPoint>
	<GreenMapName>Green-2.jpg</GreenMapName>
	<HeightMapName>H2.png</HeightMapName>
	<GreenMapPixelSize>0.05541</GreenMapPixelSize>
	<GreenCenterPoint>718,517</GreenCenterPoint>
    <GreenHolePoint>
        <Point>2,5</Point>
        <Point>6,0</Point>
        <Point>-6,-1</Point>
        <Point>-2,3</Point>
        <Point>4,-4</Point>
        <Point>9,1</Point>
        <Point>-7,-5</Point>
        <Point>0,-6</Point>
        <Point>-5,-5</Point>
    </GreenHolePoint>
</GolfTrack>

<GolfTrack>
	<MapImageName>3.jpg</MapImageName>
	<MapIndex>3</MapIndex>
	<NextMapIndex>4</NextMapIndex>
	<ImageSize>1080,1920</ImageSize>
	<PixelSize>0.3770833</PixelSize>
	<HolePos>416,218</HolePos>
	<BlackTee>565,1803</BlackTee>
	<WhiteTee>577,1572</WhiteTee>
	<SearchMapName>3-searchMap.png</SearchMapName>
	<TrackKeyPoint>
		<Point>545,1493</Point>
		<Point>563, 1361</Point>
		<Point>582, 1226</Point>
		<Point>618, 1050</Point>
		<Point>635, 852</Point>
		<Point>626, 691</Point>
		<Point>623, 563</Point>
		<Point>591, 413</Point>
		<Point>522, 314</Point>
	</TrackKeyPoint>
	<GreenMapName>Green-3.jpg</GreenMapName>
	<HeightMapName>H3.png</HeightMapName>
	<GreenMapPixelSize>0.05541</GreenMapPixelSize>
	<GreenCenterPoint>718,517</GreenCenterPoint>
    <GreenHolePoint>
        <Point>-7,4</Point>
        <Point>-1,-1</Point>
        <Point>6,3</Point>
        <Point>9,-3</Point>
        <Point>0,-6</Point>
        <Point>4,-7</Point>
        <Point>7,-7</Point>
        <Point>-7,7</Point>
        <Point>-2,6</Point>
    </GreenHolePoint>
</GolfTrack>

<GolfTrack>
	<MapImageName>4.jpg</MapImageName>
	<MapIndex>4</MapIndex>
	<NextMapIndex>5</NextMapIndex>
	<ImageSize>1080,1920</ImageSize>
	<PixelSize>0.1427083</PixelSize>
	<HolePos>518,407</HolePos>
	<BlackTee>520,1726</BlackTee>
	<WhiteTee>590,1386</WhiteTee>
	<SearchMapName>4-searchMap.png</SearchMapName>
	<TrackKeyPoint>		
		<Point>602, 1130</Point>
		<Point>648, 991</Point>
		<Point>663, 795</Point>
		<Point>663, 631</Point>
	</TrackKeyPoint>
	<GreenMapName>Green-4.jpg</GreenMapName>
	<HeightMapName>H4.png</HeightMapName>
	<GreenMapPixelSize>0.05541</GreenMapPixelSize>
	<GreenCenterPoint>718,517</GreenCenterPoint>
    <GreenHolePoint>
        <Point>-8,3</Point>
        <Point>0,0</Point>
        <Point>7,3</Point>
        <Point>8,-2</Point>
        <Point>3,-6</Point>
        <Point>8,-8</Point>
        <Point>-6,6</Point>
        <Point>-2,7</Point>
        <Point>4,6</Point>
    </GreenHolePoint>
</GolfTrack>

<GolfTrack>
	<MapImageName>5.jpg</MapImageName>
	<MapIndex>5</MapIndex>
	<NextMapIndex>6</NextMapIndex>
	<ImageSize>1080,1920</ImageSize>
	<PixelSize>0.2536458</PixelSize>
	<HolePos>593,493</HolePos>
	<BlackTee>624,1815</BlackTee>
	<WhiteTee>542,1711</WhiteTee>
	<SearchMapName>5-searchMap.png</SearchMapName>
	<TrackKeyPoint>
		<Point>472, 1352</Point>
		<Point>463, 1257</Point>
		<Point>451, 1137</Point>
		<Point>432, 1041</Point>
		<Point>409, 938</Point>
		<Point>393, 832</Point>
	</TrackKeyPoint>
	<GreenMapName>Green-5.jpg</GreenMapName>
	<HeightMapName>H5.png</HeightMapName>
	<GreenMapPixelSize>0.05541</GreenMapPixelSize>
	<GreenCenterPoint>718,517</GreenCenterPoint>
    <GreenHolePoint>
        <Point>-3,3</Point>
        <Point>2,-2</Point>
        <Point>7,0</Point>
        <Point>-5,-5</Point>
        <Point>0,-6</Point>
        <Point>-5,5</Point>
        <Point>-2,5</Point>
        <Point>7,6</Point>
        <Point>-7,0</Point>
    </GreenHolePoint>
</GolfTrack>

<GolfTrack>
	<MapImageName>6.jpg</MapImageName>
	<MapIndex>6</MapIndex>
	<NextMapIndex>7</NextMapIndex>
	<ImageSize>1080,1920</ImageSize>
	<PixelSize>0.0765625</PixelSize>
	<HolePos>757,594</HolePos>
	<BlackTee>740,1719</BlackTee>
	<WhiteTee>672,1547</WhiteTee>
	<SearchMapName>6-searchMap.png</SearchMapName>
	
	<GreenMapName>Green-6.jpg</GreenMapName>
	<HeightMapName>H6.png</HeightMapName>
	<GreenMapPixelSize>0.05541</GreenMapPixelSize>
	<GreenCenterPoint>718,517</GreenCenterPoint>
    <GreenHolePoint>
        <Point>-2,2</Point>
        <Point>2,-2</Point>
        <Point>5,-2</Point>
        <Point>-2,-7</Point>
        <Point>2,-7</Point>
        <Point>6,-6</Point>
        <Point>-6,8</Point>
        <Point>-2,7</Point>
        <Point>-5,1</Point>
    </GreenHolePoint>
</GolfTrack>

<GolfTrack>
	<MapImageName>7.jpg</MapImageName>
	<MapIndex>7</MapIndex>
	<NextMapIndex>8</NextMapIndex>
	<ImageSize>1080,1920</ImageSize>
	<PixelSize>0.2604166</PixelSize>
	<HolePos>575, 235</HolePos>
	<BlackTee>556, 1824</BlackTee>
	<WhiteTee>473, 1497</WhiteTee>
	<SearchMapName>7-searchMap.png</SearchMapName>
	<TrackKeyPoint>
		<Point>438, 1182</Point>
		<Point>431, 997</Point>
		<Point>431, 919</Point>
		<Point>469, 836</Point>
		<Point>477, 747</Point>
		<Point>455, 591</Point>
		<Point>476, 526</Point>
		<Point>535, 457</Point>
		<Point>606, 403</Point>
	</TrackKeyPoint>
	<GreenMapName>Green-7.jpg</GreenMapName>
	<HeightMapName>H7.png</HeightMapName>
	<GreenMapPixelSize>0.05541</GreenMapPixelSize>
	<GreenCenterPoint>718,517</GreenCenterPoint>
    <GreenHolePoint>
        <Point>7,4</Point>
        <Point>-5,-5</Point>
        <Point>-2,-6</Point>
        <Point>-2,5</Point>
        <Point>2,6</Point>
        <Point>6,6</Point>
        <Point>-6,1</Point>
        <Point>-6,-2</Point>
        <Point>0,0</Point>
    </GreenHolePoint>
</GolfTrack>

<GolfTrack>
	<MapImageName>8.jpg</MapImageName>
	<MapIndex>8</MapIndex>
	<NextMapIndex>9</NextMapIndex>
	<ImageSize>1080,1920</ImageSize>
	<PixelSize>0.2822915</PixelSize>
	<HolePos>504,335</HolePos>
	<BlackTee>593,1823</BlackTee>
	<WhiteTee>603,1569</WhiteTee>
	<SearchMapName>8-searchMap.png</SearchMapName>
	<TrackKeyPoint>
		<Point>502,1350</Point>	
		<Point>537,1289</Point>
		<Point>562,1139</Point>
		<Point>512,945</Point>
		<Point>464,754</Point>
		<Point>450,631</Point>
		<Point>454,518</Point>
		<Point>483,426</Point>
	</TrackKeyPoint>
	<GreenMapName>Green-8.jpg</GreenMapName>
	<HeightMapName>H8.png</HeightMapName>
	<GreenMapPixelSize>0.05541</GreenMapPixelSize>
	<GreenCenterPoint>718,517</GreenCenterPoint>
    <GreenHolePoint>
        <Point>7,4</Point>
        <Point>7,-2</Point>
        <Point>-6,-6</Point>
        <Point>-1,-6</Point>
        <Point>2,-7</Point>
        <Point>5,-5</Point>
        <Point>-5,5</Point>
        <Point>0,6</Point>
        <Point>7,5</Point>
    </GreenHolePoint>
</GolfTrack>

<GolfTrack>	
	<MapImageName>9.jpg</MapImageName>
	<MapIndex>9</MapIndex>
	<NextMapIndex>10</NextMapIndex>
	<ImageSize>1080,1920</ImageSize>
	<PixelSize>0.3630208</PixelSize>
	<HolePos>571,257</HolePos>
	<BlackTee>576,1814</BlackTee>
	<WhiteTee>658,1672</WhiteTee>
	<SearchMapName>9-searchMap.png</SearchMapName>
	<TrackKeyPoint>
		<Point>594, 1490</Point>	
		<Point>599, 1340</Point>	
		<Point>599, 1226</Point>	
		<Point>616, 1109</Point>	
		<Point>604, 957</Point>	
		<Point>591, 833</Point>	
		<Point>591, 597</Point>	
		<Point>587, 455</Point>	
		<Point>601, 398</Point>	
		<Point>596, 349</Point>
	</TrackKeyPoint>
	<GreenMapName>Green-9.jpg</GreenMapName>
	<HeightMapName>H9.png</HeightMapName>
	<GreenMapPixelSize>0.05541</GreenMapPixelSize>
	<GreenCenterPoint>718,517</GreenCenterPoint>
    <GreenHolePoint>
        <Point>-5,-7</Point>
        <Point>-2,-7</Point>
        <Point>2,-7</Point>
        <Point>5,-6</Point>
        <Point>-5,6</Point>
        <Point>-2,8</Point>
        <Point>1,5</Point>
        <Point>-5,0</Point>
        <Point>0,0</Point>
    </GreenHolePoint>
</GolfTrack>

<GolfTrack>
	<MapImageName>10.jpg</MapImageName>
	<MapIndex>10</MapIndex>
	<NextMapIndex>11</NextMapIndex>
	<ImageSize>1080,1920</ImageSize>
	<PixelSize>0.2223958</PixelSize>
	<HolePos>652, 330</HolePos>
	<BlackTee>561, 1778</BlackTee>
	<WhiteTee>557, 1502</WhiteTee>
	<SearchMapName>10-searchMap.png</SearchMapName>
	<TrackKeyPoint>
		<Point>540, 1314</Point>	
		<Point>502, 1207</Point>	
		<Point>465, 1070</Point>	
		<Point>446, 953</Point>	
		<Point>494, 811</Point>	
		<Point>515, 707</Point>
		<Point>500, 604</Point>	
		<Point>533, 532</Point>	
		<Point>620, 431</Point>		
	</TrackKeyPoint>
	<GreenMapName>Green-10.jpg</GreenMapName>
	<HeightMapName>H10.png</HeightMapName>
	<GreenMapPixelSize>0.05541</GreenMapPixelSize>
	<GreenCenterPoint>718,517</GreenCenterPoint>
    <GreenHolePoint>
        <Point>-2,-5</Point>
        <Point>2,-6</Point>
        <Point>-5,-5</Point>
        <Point>-6,-6</Point>
        <Point>-3,6</Point>
        <Point>1,5</Point>
        <Point>-6,2</Point>
        <Point>1,1</Point>
        <Point>5,-1</Point>
    </GreenHolePoint>
</GolfTrack>

<GolfTrack>
	<MapImageName>11.jpg</MapImageName>
	<MapIndex>11</MapIndex>
	<NextMapIndex>12</NextMapIndex>
	<ImageSize>1080,1920</ImageSize>
	<PixelSize>0.3526041</PixelSize>
	<HolePos>713,180</HolePos>
	<BlackTee>514,1838</BlackTee>
	<WhiteTee>334,1703</WhiteTee>
	<SearchMapName>11-searchMap.png</SearchMapName>
	<TrackKeyPoint>
		<Point>393, 1511</Point>	
		<Point>402, 1342</Point>	
		<Point>476, 1056</Point>	
		<Point>462, 867</Point>	
		<Point>416, 690</Point>	
		<Point>427, 591</Point>	
		<Point>564, 412</Point>	
		<Point>627, 341</Point>	
		<Point>700, 276</Point>	
		<Point>717, 237</Point>	
	</TrackKeyPoint>
	<GreenMapName>Green-11.jpg</GreenMapName>
	<HeightMapName>H11.png</HeightMapName>
	<GreenMapPixelSize>0.05541</GreenMapPixelSize>
	<GreenCenterPoint>718,517</GreenCenterPoint>
    <GreenHolePoint>
        <Point>-6,6</Point>
        <Point>-3,5</Point>
        <Point>2,5</Point>
        <Point>7,6</Point>
        <Point>9,5</Point>
        <Point>-7,3</Point>
        <Point>-6,-1</Point>
        <Point>-2,3</Point>
        <Point>1,-1</Point>
    </GreenHolePoint>
</GolfTrack>

<GolfTrack>
	<MapImageName>12.jpg</MapImageName>
	<MapIndex>12</MapIndex>
	<NextMapIndex>13</NextMapIndex>
	<ImageSize>1080,1920</ImageSize>
	<PixelSize>0.1390625</PixelSize>
	<HolePos>538, 484</HolePos>
	<BlackTee>560,1713</BlackTee>
	<WhiteTee>813, 1352</WhiteTee>
	<SearchMapName>12-searchMap.png</SearchMapName>
	<TrackKeyPoint>
		<Point>563,839</Point>	
		<Point>572,670</Point>	
	</TrackKeyPoint>
	<GreenMapName>Green-12.jpg</GreenMapName>
	<HeightMapName>H12.png</HeightMapName>
	<GreenMapPixelSize>0.05541</GreenMapPixelSize>
	<GreenCenterPoint>718,517</GreenCenterPoint>
    <GreenHolePoint>
        <Point>-1,-6</Point>
        <Point>2,-5</Point>
        <Point>5,-5</Point>
        <Point>-6,6</Point>
        <Point>-2,7</Point>
        <Point>2,7</Point>
        <Point>5,5</Point>
        <Point>-7,0</Point>
        <Point>0,0</Point>
    </GreenHolePoint>
</GolfTrack>

<GolfTrack>
	<MapImageName>13.jpg</MapImageName>
	<MapIndex>13</MapIndex>
	<NextMapIndex>14</NextMapIndex>
	<ImageSize>1080,1920</ImageSize>
	<PixelSize>0.3677083</PixelSize>
	<HolePos>464, 221</HolePos>
	<BlackTee>460, 1837</BlackTee>
	<WhiteTee>784, 1689</WhiteTee>
	<SearchMapName>13-searchMap.png</SearchMapName>
	<TrackKeyPoint>
		<Point>616,1588</Point>	
		<Point>730,1396</Point>	
		<Point>744,1261</Point>
		<Point>735,1054</Point>
		<Point>693,977</Point>
		<Point>604,835</Point>
		<Point>473,707</Point>
		<Point>476,618</Point>
		<Point>389,520</Point>
		<Point>405,356</Point>
	</TrackKeyPoint>
	<GreenMapName>Green-13.jpg</GreenMapName>
	<HeightMapName>H13.png</HeightMapName>
	<GreenMapPixelSize>0.05541</GreenMapPixelSize>
	<GreenCenterPoint>718,517</GreenCenterPoint>
    <GreenHolePoint>
        <Point>-5,5</Point>
        <Point>-2,5</Point>
        <Point>2,7</Point>
        <Point>6,6</Point>
        <Point>-7,3</Point>
        <Point>-2,3</Point>
        <Point>1,0</Point>
        <Point>6,2</Point>
        <Point>-6,-6</Point>
    </GreenHolePoint>
</GolfTrack>

<GolfTrack>
	<MapImageName>14.jpg</MapImageName>
	<MapIndex>14</MapIndex>
	<NextMapIndex>15</NextMapIndex>
	<ImageSize>1080,1920</ImageSize>
	<PixelSize>0.2557291</PixelSize>
	<HolePos>538, 257</HolePos>
	<BlackTee>531,1821</BlackTee>
	<WhiteTee>423,1685</WhiteTee>
	<SearchMapName>14-searchMap.png</SearchMapName>
	<TrackKeyPoint>
		<Point>520,1600</Point>	
		<Point>536,1470</Point>
		<Point>550,1319</Point>
		<Point>565,1132</Point>
		<Point>578,846</Point>
		<Point>555,661</Point>
		<Point>543,518</Point>
		<Point>528,415</Point>
	</TrackKeyPoint>
	<GreenMapName>Green-14.jpg</GreenMapName>
	<HeightMapName>H14.png</HeightMapName>
	<GreenMapPixelSize>0.05541</GreenMapPixelSize>
	<GreenCenterPoint>718,517</GreenCenterPoint>
    <GreenHolePoint>
        <Point>-6,5</Point>
        <Point>-2,7</Point>
        <Point>2,8</Point>
        <Point>6,7</Point>
        <Point>-5,3</Point>
        <Point>-3,3</Point>
        <Point>1,0</Point>
        <Point>5,-2</Point>
        <Point>0,-8</Point>
    </GreenHolePoint>
</GolfTrack>

<GolfTrack>
	<MapImageName>15.jpg</MapImageName>
	<MapIndex>15</MapIndex>
	<NextMapIndex>16</NextMapIndex>
	<ImageSize>1080,1920</ImageSize>
	<PixelSize>0.2520833</PixelSize>
	<HolePos>586, 296</HolePos>
	<BlackTee>569, 1822</BlackTee>
	<WhiteTee>415, 1636</WhiteTee>
	<SearchMapName>15-searchMap.png</SearchMapName>
	<TrackKeyPoint>
		<Point>558,1436</Point>	
		<Point>577,1163</Point>	
		<Point>543,984</Point>	
		<Point>548,844</Point>	
		<Point>560,642</Point>	
		<Point>538, 469</Point>	
	</TrackKeyPoint>
	<GreenMapName>Green-15.jpg</GreenMapName>
	<HeightMapName>H15.png</HeightMapName>
	<GreenMapPixelSize>0.05541</GreenMapPixelSize>
	<GreenCenterPoint>718,517</GreenCenterPoint>
    <GreenHolePoint>
        <Point>-1,7</Point>
        <Point>2,7</Point>
        <Point>5,5</Point>
        <Point>-6,2</Point>
        <Point>-6,-4</Point>
        <Point>0,0</Point>
        <Point>5,4</Point>
        <Point>-7,-6</Point>
        <Point>-3,-6</Point>
    </GreenHolePoint>
</GolfTrack>

<GolfTrack>
	<MapImageName>16.jpg</MapImageName>
	<MapIndex>16</MapIndex>
	<NextMapIndex>17</NextMapIndex>
	<ImageSize>1080,1920</ImageSize>
	<PixelSize>0.2526041</PixelSize>
	<HolePos>332,229</HolePos>
	<BlackTee>318,1811</BlackTee>
	<WhiteTee>496,1588</WhiteTee>
	<SearchMapName>16-searchMap.png</SearchMapName>
	<TrackKeyPoint>
		<Point>547,1404</Point>	
		<Point>710,1102</Point>	
		<Point>728,993</Point>	
		<Point>720,903</Point>	
		<Point>582,727</Point>	
		<Point>556,634</Point>	
		<Point>506,564</Point>	
		<Point>427,458</Point>	
		<Point>373,354</Point>		
	</TrackKeyPoint>
	<GreenMapName>Green-16.jpg</GreenMapName>
	<HeightMapName>H16.png</HeightMapName>
	<GreenMapPixelSize>0.05541</GreenMapPixelSize>
	<GreenCenterPoint>718,517</GreenCenterPoint>
    <GreenHolePoint>
        <Point>-1,6</Point>
        <Point>-7,4</Point>
        <Point>-6,-2</Point>
        <Point>0,0</Point>
        <Point>2,-2</Point>
        <Point>-5,-5</Point>
        <Point>-3,-6</Point>
        <Point>2,-6</Point>
        <Point>-5,5</Point>
    </GreenHolePoint>
</GolfTrack>

<GolfTrack>						
	<MapImageName>17.jpg</MapImageName>
	<MapIndex>17</MapIndex>
	<NextMapIndex>18</NextMapIndex>
	<ImageSize>1080,1920</ImageSize>
	<PixelSize>0.1494791</PixelSize>
	<HolePos>535,485</HolePos>
	<BlackTee>520,1714</BlackTee>
	<WhiteTee>523,1457</WhiteTee>
	<SearchMapName>17-searchMap.png</SearchMapName>
	<TrackKeyPoint>
		<Point>528, 1280</Point>
		<Point>537, 1069</Point>
		<Point>533, 851</Point>
	</TrackKeyPoint>
	<GreenMapName>Green-17.jpg</GreenMapName>
	<HeightMapName>H17.png</HeightMapName>
	<GreenMapPixelSize>0.05541</GreenMapPixelSize>
	<GreenCenterPoint>718,517</GreenCenterPoint>
    <GreenHolePoint>
        <Point>-2,2</Point>
        <Point>0,0</Point>
        <Point>-7,-6</Point>
        <Point>-4,-7</Point>
        <Point>0,6</Point>
        <Point>6,6</Point>
        <Point>7,6</Point>
        <Point>-6,2</Point>
        <Point>-6,-2</Point>
    </GreenHolePoint>
</GolfTrack>

<GolfTrack>
	<MapImageName>18.jpg</MapImageName>
	<MapIndex>18</MapIndex>
	<NextMapIndex>-1</NextMapIndex>
	<ImageSize>1080,1920</ImageSize>
	<PixelSize>0.2427083</PixelSize>
	<HolePos>506,267</HolePos>
	<BlackTee>494,1824</BlackTee>
	<WhiteTee>444,1571</WhiteTee>
	<SearchMapName>18-searchMap.png</SearchMapName>
	<TrackKeyPoint>
		<Point>556,1445</Point>	
		<Point>564,1313</Point>	
		<Point>553,1111</Point>	
		<Point>528,911</Point>	
		<Point>531,737</Point>	
		<Point>523,489</Point>	
		<Point>517,397</Point>				
	</TrackKeyPoint>
	<GreenMapName>Green-18.jpg</GreenMapName>
	<HeightMapName>H18.png</HeightMapName>
	<GreenMapPixelSize>0.05541</GreenMapPixelSize>
	<GreenCenterPoint>718,517</GreenCenterPoint>
    <GreenHolePoint>
        <Point>-3,3</Point>
        <Point>1,-1</Point>
        <Point>7,-2</Point>
        <Point>-5,-5</Point>
        <Point>-2,-6</Point>
        <Point>5,-7</Point>
        <Point>-5,5</Point>
        <Point>0,7</Point>
        <Point>6,6</Point>
    </GreenHolePoint>
</GolfTrack>
</GolfTracks>