<?xml version="1.0" encoding="UTF-8"?>
<GolfMapInformation version="1.0">
    <MapInformation>
        <Index>1</Index>
        <Name>1-searchMap.png</Name>
        <BlackTee>633,2018</BlackTee>
        <GoldTee>607,1954</GoldTee>
        <WhiteTee>632,1883</WhiteTee>
        <BlueTee />
        <RedTee />
        <TrackPoint>
            <Point>587.500000,1511.000000</Point>
            <Point>581.000000,1411.000000</Point>
            <Point>573.500000,1311.000000</Point>
            <Point>572.500000,1211.000000</Point>
            <Point>572.000000,1111.000000</Point>
            <Point>571.500000,1011.000000</Point>
            <Point>568.500000,911.000000</Point>
            <Point>561.000000,811.000000</Point>
            <Point>558.000000,711.000000</Point>
            <Point>551.000000,611.000000</Point>
            <Point>558.500000,511.000000</Point>
            <Point>590.000000,411.000000</Point>
        </TrackPoint>
        <BunkerPoints>
            <BunkerPoint>
                <DirType>left</DirType>
                <Point>531,263</Point>
            </BunkerPoint>
            <BunkerPoint>
                <DirType>up</DirType>
                <Point>508,316</Point>
            </BunkerPoint>
            <BunkerPoint>
                <DirType>down</DirType>
                <Point>572,326</Point>
            </BunkerPoint>
            <BunkerPoint>
                <DirType>right</DirType>
                <Point>556,380</Point>
            </BunkerPoint>
        </BunkerPoints>
        <WaterPoint/>
    </MapInformation>
    <MapInformation>
        <Index>2</Index>
        <Name>2-searchMap.png</Name>
        <BlackTee>561,2283</BlackTee>
        <GoldTee>556,2228</GoldTee>
        <WhiteTee>552,2166</WhiteTee>
        <BlueTee />
        <RedTee />
        <TrackPoint>
            <Point>536.000000,1820.000000</Point>
            <Point>532.000000,1720.000000</Point>
            <Point>537.500000,1620.000000</Point>
            <Point>553.500000,1520.000000</Point>
            <Point>564.500000,1420.000000</Point>
            <Point>577.500000,1320.000000</Point>
            <Point>584.500000,1220.000000</Point>
            <Point>604.500000,1120.000000</Point>
            <Point>618.000000,1020.000000</Point>
            <Point>628.500000,920.000000</Point>
            <Point>623.000000,820.000000</Point>
            <Point>632.500000,720.000000</Point>
            <Point>668.500000,620.000000</Point>
            <Point>702.500000,520.000000</Point>
            <Point>714.000000,420.000000</Point>
            <Point>726.500000,320.000000</Point>
        </TrackPoint>
        <BunkerPoints>
            <BunkerPoint>
                <DirType>left</DirType>
                <Point>750,160</Point>
            </BunkerPoint>
            <BunkerPoint>
                <DirType>up</DirType>
                <Point>778,168</Point>
            </BunkerPoint>
            <BunkerPoint>
                <DirType>down</DirType>
                <Point>572,326</Point>
            </BunkerPoint>
            <BunkerPoint>
                <DirType>right</DirType>
                <Point>778,185</Point>
            </BunkerPoint>
            <BunkerPoint>
                <DirType>left</DirType>
                <Point>701,186</Point>
            </BunkerPoint>
            <BunkerPoint>
                <DirType>up</DirType>
                <Point>717,196</Point>
            </BunkerPoint>
            <BunkerPoint>
                <DirType>down</DirType>
                <Point>695,202</Point>
            </BunkerPoint>
            <BunkerPoint>
                <DirType>right</DirType>
                <Point>709,209</Point>
            </BunkerPoint>
            <BunkerPoint>
                <DirType>left</DirType>
                <Point>647,285</Point>
            </BunkerPoint>
            <BunkerPoint>
                <DirType>up</DirType>
                <Point>668,297</Point>
            </BunkerPoint>
            <BunkerPoint>
                <DirType>down</DirType>
                <Point>626,346</Point>
            </BunkerPoint>
            <BunkerPoint>
                <DirType>right</DirType>
                <Point>652,357</Point>
            </BunkerPoint>
            <BunkerPoint>
                <DirType>left</DirType>
                <Point>805,294</Point>
            </BunkerPoint>
            <BunkerPoint>
                <DirType>up</DirType>
                <Point>817,307</Point>
            </BunkerPoint>
            <BunkerPoint>
                <DirType>down</DirType>
                <Point>799,304</Point>
            </BunkerPoint>
            <BunkerPoint>
                <DirType>right</DirType>
                <Point>812,312</Point>
            </BunkerPoint>
            <BunkerPoint>
                <DirType>left</DirType>
                <Point>771,383</Point>
            </BunkerPoint>
            <BunkerPoint>
                <DirType>up</DirType>
                <Point>792,383</Point>
            </BunkerPoint>
            <BunkerPoint>
                <DirType>down</DirType>
                <Point>773,416</Point>
            </BunkerPoint>
            <BunkerPoint>
                <DirType>right</DirType>
                <Point>801,419</Point>
            </BunkerPoint>
            <BunkerPoint>
                <DirType>left</DirType>
                <Point>651,405</Point>
            </BunkerPoint>
            <BunkerPoint>
                <DirType>up</DirType>
                <Point>679,449</Point>
            </BunkerPoint>
            <BunkerPoint>
                <DirType>down</DirType>
                <Point>620,507</Point>
            </BunkerPoint>
            <BunkerPoint>
                <DirType>right</DirType>
                <Point>650,509</Point>
            </BunkerPoint>
            <BunkerPoint>
                <DirType>left</DirType>
                <Point>711,697</Point>
            </BunkerPoint>
            <BunkerPoint>
                <DirType>up</DirType>
                <Point>790,697</Point>
            </BunkerPoint>
            <BunkerPoint>
                <DirType>down</DirType>
                <Point>713,740</Point>
            </BunkerPoint>
            <BunkerPoint>
                <DirType>right</DirType>
                <Point>781,727</Point>
            </BunkerPoint>
        </BunkerPoints>
        <WaterPoint/>
    </MapInformation>
    <MapInformation>
        <Index>3</Index>
        <Name>3-searchMap.png</Name>
        <BlackTee>670,1872</BlackTee>
        <GoldTee>693,1772</GoldTee>
        <WhiteTee>680,1666</WhiteTee>
        <BlueTee />
        <RedTee />
        <TrackPoint>
            <Point>494.500000,1347.000000</Point>
            <Point>492.000000,1247.000000</Point>
            <Point>463.500000,1147.000000</Point>
            <Point>465.000000,1047.000000</Point>
            <Point>477.000000,947.000000</Point>
            <Point>499.500000,847.000000</Point>
            <Point>473.500000,747.000000</Point>
            <Point>460.500000,647.000000</Point>
            <Point>517.500000,547.000000</Point>
            <Point>556.000000,447.000000</Point>
            <Point>591.000000,347.000000</Point>
        </TrackPoint>
        <BunkerPoints>
            <BunkerPoint>
                <DirType>left</DirType>
                <Point>497,292</Point>
            </BunkerPoint>
            <BunkerPoint>
                <DirType>up</DirType>
                <Point>533,270</Point>
            </BunkerPoint>
            <BunkerPoint>
                <DirType>down</DirType>
                <Point>507,389</Point>
            </BunkerPoint>
            <BunkerPoint>
                <DirType>right</DirType>
                <Point>545,357</Point>
            </BunkerPoint>
            <BunkerPoint>
                <DirType>left</DirType>
                <Point>678,247</Point>
            </BunkerPoint>
            <BunkerPoint>
                <DirType>up</DirType>
                <Point>690,232</Point>
            </BunkerPoint>
            <BunkerPoint>
                <DirType>down</DirType>
                <Point>695,266</Point>
            </BunkerPoint>
            <BunkerPoint>
                <DirType>right</DirType>
                <Point>708,252</Point>
            </BunkerPoint>
            <BunkerPoint>
                <DirType>left</DirType>
                <Point>647,285</Point>
            </BunkerPoint>
            <BunkerPoint>
                <DirType>up</DirType>
                <Point>668,297</Point>
            </BunkerPoint>
            <BunkerPoint>
                <DirType>down</DirType>
                <Point>626,346</Point>
            </BunkerPoint>
            <BunkerPoint>
                <DirType>right</DirType>
                <Point>652,357</Point>
            </BunkerPoint>
            <BunkerPoint>
                <DirType>left</DirType>
                <Point>674,296</Point>
            </BunkerPoint>
            <BunkerPoint>
                <DirType>up</DirType>
                <Point>691,304</Point>
            </BunkerPoint>
            <BunkerPoint>
                <DirType>down</DirType>
                <Point>655,335</Point>
            </BunkerPoint>
            <BunkerPoint>
                <DirType>right</DirType>
                <Point>677,345</Point>
            </BunkerPoint>
            <BunkerPoint>
                <DirType>left</DirType>
                <Point>626,366</Point>
            </BunkerPoint>
            <BunkerPoint>
                <DirType>up</DirType>
                <Point>649,365</Point>
            </BunkerPoint>
            <BunkerPoint>
                <DirType>down</DirType>
                <Point>632,395</Point>
            </BunkerPoint>
            <BunkerPoint>
                <DirType>right</DirType>
                <Point>659,385</Point>
            </BunkerPoint>
            <BunkerPoint>
                <DirType>left</DirType>
                <Point>518,652</Point>
            </BunkerPoint>
            <BunkerPoint>
                <DirType>up</DirType>
                <Point>554,647</Point>
            </BunkerPoint>
            <BunkerPoint>
                <DirType>down</DirType>
                <Point>533,688</Point>
            </BunkerPoint>
            <BunkerPoint>
                <DirType>right</DirType>
                <Point>561,679</Point>
            </BunkerPoint>
            <BunkerPoint>
                <DirType>left</DirType>
                <Point>562,730</Point>
            </BunkerPoint>
            <BunkerPoint>
                <DirType>up</DirType>
                <Point>589,711</Point>
            </BunkerPoint>
            <BunkerPoint>
                <DirType>down</DirType>
                <Point>585,773</Point>
            </BunkerPoint>
            <BunkerPoint>
                <DirType>right</DirType>
                <Point>605,758</Point>
            </BunkerPoint>
        </BunkerPoints>
        <WaterPoint/>
    </MapInformation>
    <MapInformation>
        <Index>4</Index>
        <Name>4-searchMap.png</Name>
        <BlackTee>241,950</BlackTee>
        <GoldTee>257,862</GoldTee>
        <WhiteTee>287,767</WhiteTee>
        <BlueTee />
        <RedTee />
        <TrackPoint>
            <Point>251,314</Point>
            <Point>277,261</Point>
        </TrackPoint>
        <BunkerPoints/>
        <WaterPoint/>
    </MapInformation>
    <MapInformation>
        <Index>5</Index>
        <Name>5-searchMap.png</Name>
        <BlackTee>547,1687</BlackTee>
        <GoldTee>548,1619</GoldTee>
        <WhiteTee>555,1552</WhiteTee>
        <BlueTee />
        <RedTee />
        <TrackPoint>
            <Point>468.500000,1259.000000</Point>
            <Point>476.000000,1159.000000</Point>
            <Point>468.000000,1059.000000</Point>
            <Point>499.500000,959.000000</Point>
            <Point>511.500000,859.000000</Point>
            <Point>506.500000,759.000000</Point>
            <Point>517.500000,659.000000</Point>
            <Point>502.500000,559.000000</Point>
            <Point>490.000000,459.000000</Point>
            <Point>442.500000,359.000000</Point>
        </TrackPoint>
        <BunkerPoints/>
        <WaterPoint/>
    </MapInformation>
    <MapInformation>
        <Index>6</Index>
        <Name>6-searchMap.png</Name>
        <BlackTee>602,2303</BlackTee>
        <GoldTee>609,2207</GoldTee>
        <WhiteTee>623,2137</WhiteTee>
        <BlueTee />
        <RedTee />
        <TrackPoint>
            <Point>696.000000,1773.000000</Point>
            <Point>694.500000,1673.000000</Point>
            <Point>698.000000,1573.000000</Point>
            <Point>708.000000,1473.000000</Point>
            <Point>713.500000,1373.000000</Point>
            <Point>695.000000,1273.000000</Point>
            <Point>674.500000,1173.000000</Point>
            <Point>655.500000,1073.000000</Point>
            <Point>610.000000,973.000000</Point>
            <Point>550.500000,873.000000</Point>
            <Point>535.500000,773.000000</Point>
            <Point>548.500000,673.000000</Point>
            <Point>565.000000,573.000000</Point>
            <Point>570.500000,473.000000</Point>
            <Point>558.000000,373.000000</Point>
        </TrackPoint>
        <BunkerPoints/>
        <WaterPoint/>
    </MapInformation>
    <MapInformation>
        <Index>7</Index>
        <Name>7-searchMap.png</Name>
        <BlackTee>604,1707</BlackTee>
        <GoldTee>596,1643</GoldTee>
        <WhiteTee>591,1581</WhiteTee>
        <BlueTee />
        <RedTee />
        <TrackPoint>
            <Point>494.500000,1245.000000</Point>
            <Point>482.500000,1145.000000</Point>
            <Point>454.000000,1045.000000</Point>
            <Point>428.500000,945.000000</Point>
            <Point>413.500000,845.000000</Point>
            <Point>413.500000,745.000000</Point>
            <Point>428.000000,645.000000</Point>
            <Point>441.500000,545.000000</Point>
            <Point>433.500000,445.000000</Point>
        </TrackPoint>
        <BunkerPoints/>
        <WaterPoint/>
    </MapInformation>
    <MapInformation>
        <Index>8</Index>
        <Name>8-searchMap.png</Name>
        <BlackTee>288,1012</BlackTee>
        <GoldTee>259,951</GoldTee>
        <WhiteTee>203,868</WhiteTee>
        <BlueTee />
        <RedTee />
        <TrackPoint>
            <Point>267,480</Point>
            <Point>254,359</Point>
            <Point>288,287</Point>
        </TrackPoint>
        <BunkerPoints/>
        <WaterPoint/>
    </MapInformation>
    <MapInformation>
        <Index>9</Index>
        <Name>9-searchMap.png</Name>
        <BlackTee>512,1982</BlackTee>
        <GoldTee>344,1863</GoldTee>
        <WhiteTee>209,1461</WhiteTee>
        <BlueTee />
        <RedTee />
        <TrackPoint>
            <Point>348.500000,1406.000000</Point>
            <Point>335.000000,1306.000000</Point>
            <Point>344.000000,1206.000000</Point>
            <Point>384.500000,1106.000000</Point>
            <Point>446.500000,1006.000000</Point>
            <Point>466.500000,906.000000</Point>
            <Point>495.000000,806.000000</Point>
            <Point>505.500000,706.000000</Point>
            <Point>513.000000,606.000000</Point>
            <Point>578.000000,506.000000</Point>
            <Point>637.500000,406.000000</Point>
        </TrackPoint>
        <BunkerPoints/>
        <WaterPoint/>
    </MapInformation>
    <MapInformation>
        <Index>10</Index>
        <Name>10-searchMap.png</Name>
        <BlackTee>512,1953</BlackTee>
        <GoldTee>552,1784</GoldTee>
        <WhiteTee>611,1669</WhiteTee>
        <BlueTee />
        <RedTee />
        <TrackPoint>
            <Point>662.000000,1342.000000</Point>
            <Point>661.000000,1242.000000</Point>
            <Point>687.500000,1142.000000</Point>
            <Point>717.000000,1042.000000</Point>
            <Point>729.500000,942.000000</Point>
            <Point>708.500000,842.000000</Point>
            <Point>686.500000,742.000000</Point>
            <Point>673.000000,642.000000</Point>
            <Point>632.500000,542.000000</Point>
            <Point>602.000000,442.000000</Point>
            <Point>476.000000,342.000000</Point>
        </TrackPoint>
        <BunkerPoints/>
        <WaterPoint/>
    </MapInformation>
    <MapInformation>
        <Index>11</Index>
        <Name>11-searchMap.png</Name>
        <BlackTee>426,2411</BlackTee>
        <GoldTee>443,2344</GoldTee>
        <WhiteTee>471,2279</WhiteTee>
        <BlueTee />
        <RedTee />
        <TrackPoint>
            <Point>705.000000,1818.000000</Point>
            <Point>692.000000,1718.000000</Point>
            <Point>721.000000,1618.000000</Point>
            <Point>772.000000,1518.000000</Point>
            <Point>796.500000,1418.000000</Point>
            <Point>813.500000,1318.000000</Point>
            <Point>824.500000,1218.000000</Point>
            <Point>822.500000,1118.000000</Point>
            <Point>820.500000,1018.000000</Point>
            <Point>833.500000,918.000000</Point>
            <Point>839.500000,818.000000</Point>
            <Point>835.000000,718.000000</Point>
            <Point>814.000000,618.000000</Point>
            <Point>814.000000,518.000000</Point>
            <Point>811.500000,418.000000</Point>
            <Point>765.000000,318.000000</Point>
        </TrackPoint>
        <BunkerPoints/>
        <WaterPoint/>
    </MapInformation>
    <MapInformation>
        <Index>12</Index>
        <Name>12-searchMap.png</Name>
        <BlackTee>192,1498</BlackTee>
        <GoldTee>310,1351</GoldTee>
        <WhiteTee>398,1251</WhiteTee>
        <BlueTee />
        <RedTee />
        <TrackPoint>
            <Point>463.000000,1169.000000</Point>
            <Point>494.500000,1069.000000</Point>
            <Point>567.500000,969.000000</Point>
            <Point>617.500000,869.000000</Point>
            <Point>598.500000,769.000000</Point>
            <Point>546.500000,669.000000</Point>
            <Point>458.500000,569.000000</Point>
            <Point>414.000000,469.000000</Point>
            <Point>356.500000,369.000000</Point>
        </TrackPoint>
        <BunkerPoints/>
        <WaterPoint/>
    </MapInformation>
    <MapInformation>
        <Index>13</Index>
        <Name>13-searchMap.png</Name>
        <BlackTee>191,875</BlackTee>
        <GoldTee>202,800</GoldTee>
        <WhiteTee>312,545</WhiteTee>
        <BlueTee />
        <RedTee />
        <TrackPoint>
            <Point>306,459</Point>
            <Point>315,293</Point>
        </TrackPoint>
        <BunkerPoints/>
        <WaterPoint>
            <Point>113.000000,525.000000</Point>
            <Point>122.000000,525.000000</Point>
            <Point>68.000000,450.000000</Point>
            <Point>245.000000,450.000000</Point>
            <Point>382.000000,450.000000</Point>
            <Point>402.000000,450.000000</Point>
            <Point>36.000000,375.000000</Point>
            <Point>492.000000,375.000000</Point>
            <Point>8.000000,300.000000</Point>
            <Point>273.000000,300.000000</Point>
            <Point>342.000000,300.000000</Point>
            <Point>554.000000,300.000000</Point>
            <Point>28.000000,225.000000</Point>
            <Point>224.000000,225.000000</Point>
            <Point>390.000000,225.000000</Point>
            <Point>430.000000,225.000000</Point>
            <Point>19.000000,150.000000</Point>
            <Point>60.000000,150.000000</Point>
            <Point>2.000000,75.000000</Point>
            <Point>556.000000,75.000000</Point>
            <Point>262.000000,0.000000</Point>
            <Point>539.000000,0.000000</Point>
        </WaterPoint>
    </MapInformation>
    <MapInformation>
        <Index>14</Index>
        <Name>14-searchMap.png</Name>
        <BlackTee>579,1906</BlackTee>
        <GoldTee>614,1619</GoldTee>
        <WhiteTee>590,1427</WhiteTee>
        <BlueTee />
        <RedTee />
        <TrackPoint>
            <Point>545.000000,1069.000000</Point>
            <Point>558.000000,969.000000</Point>
            <Point>545.000000,869.000000</Point>
            <Point>531.500000,769.000000</Point>
            <Point>521.000000,669.000000</Point>
            <Point>508.500000,569.000000</Point>
            <Point>490.000000,469.000000</Point>
            <Point>461.500000,369.000000</Point>
        </TrackPoint>
        <BunkerPoints/>
        <WaterPoint/>
    </MapInformation>
    <MapInformation>
        <Index>15</Index>
        <Name>15-searchMap.png</Name>
        <BlackTee>640,2078</BlackTee>
        <GoldTee>644,2005</GoldTee>
        <WhiteTee>663,1834</WhiteTee>
        <BlueTee />
        <RedTee />
        <TrackPoint>
            <Point>582.500000,1521.000000</Point>
            <Point>558.000000,1421.000000</Point>
            <Point>556.000000,1321.000000</Point>
            <Point>566.500000,1221.000000</Point>
            <Point>575.000000,1121.000000</Point>
            <Point>579.000000,1021.000000</Point>
            <Point>580.500000,921.000000</Point>
            <Point>587.500000,821.000000</Point>
            <Point>593.500000,721.000000</Point>
            <Point>550.000000,621.000000</Point>
            <Point>561.000000,521.000000</Point>
            <Point>598.500000,421.000000</Point>
            <Point>626.500000,321.000000</Point>
        </TrackPoint>
        <BunkerPoints/>
        <WaterPoint/>
    </MapInformation>
    <MapInformation>
        <Index>16</Index>
        <Name>16-searchMap.png</Name>
        <BlackTee>509,1824</BlackTee>
        <GoldTee>503,1715</GoldTee>
        <WhiteTee>485,1574</WhiteTee>
        <BlueTee />
        <RedTee />
        <TrackPoint>
            <Point>475.000000,1345.000000</Point>
            <Point>483.000000,1245.000000</Point>
            <Point>489.000000,1145.000000</Point>
            <Point>481.500000,1045.000000</Point>
            <Point>457.500000,945.000000</Point>
            <Point>446.000000,845.000000</Point>
            <Point>465.000000,745.000000</Point>
            <Point>499.500000,645.000000</Point>
            <Point>536.000000,545.000000</Point>
            <Point>557.500000,445.000000</Point>
            <Point>586.000000,345.000000</Point>
        </TrackPoint>
        <BunkerPoints/>
        <WaterPoint/>
    </MapInformation>
    <MapInformation>
        <Index>17</Index>
        <Name>17-searchMap.png</Name>
        <BlackTee>230,914</BlackTee>
        <GoldTee>255,814</GoldTee>
        <WhiteTee>336,690</WhiteTee>
        <BlueTee />
        <RedTee />
        <TrackPoint>
            <Point>323,413</Point>
            <Point>319,316</Point>
        </TrackPoint>
        <BunkerPoints/>
        <WaterPoint/>
    </MapInformation>
    <MapInformation>
        <Index>18</Index>
        <Name>18-searchMap.png</Name>
        <BlackTee>317,1931</BlackTee>
        <GoldTee>357,1854</GoldTee>
        <WhiteTee>418,1777</WhiteTee>
        <BlueTee />
        <RedTee />
        <TrackPoint>
            <Point>526.500000,1544.000000</Point>
            <Point>568.500000,1444.000000</Point>
            <Point>631.000000,1344.000000</Point>
            <Point>705.500000,1244.000000</Point>
            <Point>716.000000,1144.000000</Point>
            <Point>711.000000,1044.000000</Point>
            <Point>683.000000,944.000000</Point>
            <Point>645.500000,844.000000</Point>
            <Point>619.500000,744.000000</Point>
            <Point>598.500000,644.000000</Point>
            <Point>567.500000,544.000000</Point>
            <Point>526.000000,444.000000</Point>
        </TrackPoint>
        <BunkerPoints/>
        <WaterPoint/>
    </MapInformation>
</GolfMapInformation>
