<?xml version="1.0" encoding="UTF-8"?>
<GolfMapInformation version="1.0">
    <MapInformation>
        <Index>1</Index>
        <Name>1-searchMap.png</Name>
        <BlackTee>633,2018</BlackTee>
        <GoldTee>607,1954</GoldTee>
        <WhiteTee>632,1883</WhiteTee>
        <BlueTee />
        <RedTee />
        <TrackPoint>
            <Point>587.500000,1511.000000</Point>
            <Point>581.000000,1411.000000</Point>
            <Point>573.500000,1311.000000</Point>
            <Point>572.500000,1211.000000</Point>
            <Point>572.000000,1111.000000</Point>
            <Point>571.500000,1011.000000</Point>
            <Point>568.500000,911.000000</Point>
            <Point>561.000000,811.000000</Point>
            <Point>558.000000,711.000000</Point>
            <Point>551.000000,611.000000</Point>
            <Point>558.500000,511.000000</Point>
            <Point>590.000000,411.000000</Point>
        </TrackPoint>
        <BunkerPoints>
            <BunkerPoint>
                <DirType>down</DirType>
                <Point>546,382</Point>
            </BunkerPoint>
            <BunkerPoint>
                <DirType>left</DirType>
                <Point>508,316</Point>
            </BunkerPoint>
            <BunkerPoint>
                <DirType>right</DirType>
                <Point>572,324</Point>
            </BunkerPoint>
            <BunkerPoint>
                <DirType>up</DirType>
                <Point>530,264</Point>
            </BunkerPoint>
        </BunkerPoints>
        <WaterPoint/>
    </MapInformation>
    <MapInformation>
        <Index>2</Index>
        <Name>2-searchMap.png</Name>
        <BlackTee>561,2283</BlackTee>
        <GoldTee>556,2228</GoldTee>
        <WhiteTee>552,2166</WhiteTee>
        <BlueTee />
        <RedTee />
        <TrackPoint>
            <Point>536.000000,1820.000000</Point>
            <Point>532.000000,1720.000000</Point>
            <Point>537.500000,1620.000000</Point>
            <Point>553.500000,1520.000000</Point>
            <Point>564.500000,1420.000000</Point>
            <Point>577.500000,1320.000000</Point>
            <Point>584.500000,1220.000000</Point>
            <Point>604.500000,1120.000000</Point>
            <Point>618.000000,1020.000000</Point>
            <Point>628.500000,920.000000</Point>
            <Point>623.000000,820.000000</Point>
            <Point>632.500000,720.000000</Point>
            <Point>668.500000,620.000000</Point>
            <Point>702.500000,520.000000</Point>
            <Point>714.000000,420.000000</Point>
            <Point>726.500000,320.000000</Point>
        </TrackPoint>
        <BunkerPoints>
            <BunkerPoint>
                <DirType>down</DirType>
                <Point>711,740</Point>
            </BunkerPoint>
            <BunkerPoint>
                <DirType>left</DirType>
                <Point>706,703</Point>
            </BunkerPoint>
            <BunkerPoint>
                <DirType>right</DirType>
                <Point>789,722</Point>
            </BunkerPoint>
            <BunkerPoint>
                <DirType>up</DirType>
                <Point>748,679</Point>
            </BunkerPoint>
            <BunkerPoint>
                <DirType>down</DirType>
                <Point>633,515</Point>
            </BunkerPoint>
            <BunkerPoint>
                <DirType>left</DirType>
                <Point>623,437</Point>
            </BunkerPoint>
            <BunkerPoint>
                <DirType>right</DirType>
                <Point>679,445</Point>
            </BunkerPoint>
            <BunkerPoint>
                <DirType>up</DirType>
                <Point>650,406</Point>
            </BunkerPoint>
            <BunkerPoint>
                <DirType>down</DirType>
                <Point>796,422</Point>
            </BunkerPoint>
            <BunkerPoint>
                <DirType>left</DirType>
                <Point>769,411</Point>
            </BunkerPoint>
            <BunkerPoint>
                <DirType>right</DirType>
                <Point>801,401</Point>
            </BunkerPoint>
            <BunkerPoint>
                <DirType>up</DirType>
                <Point>781,378</Point>
            </BunkerPoint>
            <BunkerPoint>
                <DirType>down</DirType>
                <Point>643,360</Point>
            </BunkerPoint>
            <BunkerPoint>
                <DirType>left</DirType>
                <Point>628,340</Point>
            </BunkerPoint>
            <BunkerPoint>
                <DirType>right</DirType>
                <Point>665,318</Point>
            </BunkerPoint>
            <BunkerPoint>
                <DirType>up</DirType>
                <Point>656,282</Point>
            </BunkerPoint>
            <BunkerPoint>
                <DirType>down</DirType>
                <Point>811,312</Point>
            </BunkerPoint>
            <BunkerPoint>
                <DirType>left</DirType>
                <Point>799,305</Point>
            </BunkerPoint>
            <BunkerPoint>
                <DirType>right</DirType>
                <Point>817,307</Point>
            </BunkerPoint>
            <BunkerPoint>
                <DirType>up</DirType>
                <Point>806,295</Point>
            </BunkerPoint>
            <BunkerPoint>
                <DirType>down</DirType>
                <Point>703,211</Point>
            </BunkerPoint>
            <BunkerPoint>
                <DirType>left</DirType>
                <Point>695,200</Point>
            </BunkerPoint>
            <BunkerPoint>
                <DirType>right</DirType>
                <Point>716,198</Point>
            </BunkerPoint>
            <BunkerPoint>
                <DirType>up</DirType>
                <Point>708,185</Point>
            </BunkerPoint>
            <BunkerPoint>
                <DirType>down</DirType>
                <Point>775,185</Point>
            </BunkerPoint>
            <BunkerPoint>
                <DirType>left</DirType>
                <Point>744,171</Point>
            </BunkerPoint>
            <BunkerPoint>
                <DirType>right</DirType>
                <Point>781,171</Point>
            </BunkerPoint>
            <BunkerPoint>
                <DirType>up</DirType>
                <Point>760,159</Point>
            </BunkerPoint>
        </BunkerPoints>
        <WaterPoint/>
    </MapInformation>
    <MapInformation>
        <Index>3</Index>
        <Name>3-searchMap.png</Name>
        <BlackTee>670,1872</BlackTee>
        <GoldTee>693,1772</GoldTee>
        <WhiteTee>680,1666</WhiteTee>
        <BlueTee />
        <RedTee />
        <TrackPoint>
            <Point>494.500000,1347.000000</Point>
            <Point>492.000000,1247.000000</Point>
            <Point>463.500000,1147.000000</Point>
            <Point>465.000000,1047.000000</Point>
            <Point>477.000000,947.000000</Point>
            <Point>499.500000,847.000000</Point>
            <Point>473.500000,747.000000</Point>
            <Point>460.500000,647.000000</Point>
            <Point>517.500000,547.000000</Point>
            <Point>556.000000,447.000000</Point>
            <Point>591.000000,347.000000</Point>
        </TrackPoint>
        <BunkerPoints>
            <BunkerPoint>
                <DirType>left</DirType>
                <Point>564,754</Point>
            </BunkerPoint>
            <BunkerPoint>
                <DirType>up</DirType>
                <Point>582,710</Point>
            </BunkerPoint>
            <BunkerPoint>
                <DirType>down</DirType>
                <Point>596,770</Point>
            </BunkerPoint>
            <BunkerPoint>
                <DirType>right</DirType>
                <Point>606,750</Point>
            </BunkerPoint>
            <BunkerPoint>
                <DirType>left</DirType>
                <Point>518,656</Point>
            </BunkerPoint>
            <BunkerPoint>
                <DirType>up</DirType>
                <Point>536,640</Point>
            </BunkerPoint>
            <BunkerPoint>
                <DirType>down</DirType>
                <Point>546,690</Point>
            </BunkerPoint>
            <BunkerPoint>
                <DirType>right</DirType>
                <Point>558,664</Point>
            </BunkerPoint>
            <BunkerPoint>
                <DirType>left</DirType>
                <Point>494,356</Point>
            </BunkerPoint>
            <BunkerPoint>
                <DirType>up</DirType>
                <Point>530,270</Point>
            </BunkerPoint>
            <BunkerPoint>
                <DirType>down</DirType>
                <Point>516,392</Point>
            </BunkerPoint>
            <BunkerPoint>
                <DirType>right</DirType>
                <Point>546,358</Point>
            </BunkerPoint>
            <BunkerPoint>
                <DirType>left</DirType>
                <Point>622,372</Point>
            </BunkerPoint>
            <BunkerPoint>
                <DirType>up</DirType>
                <Point>636,362</Point>
            </BunkerPoint>
            <BunkerPoint>
                <DirType>down</DirType>
                <Point>645,396</Point>
            </BunkerPoint>
            <BunkerPoint>
                <DirType>right</DirType>
                <Point>658,378</Point>
            </BunkerPoint>
            <BunkerPoint>
                <DirType>left</DirType>
                <Point>656,330</Point>
            </BunkerPoint>
            <BunkerPoint>
                <DirType>up</DirType>
                <Point>680,294</Point>
            </BunkerPoint>
            <BunkerPoint>
                <DirType>down</DirType>
                <Point>672,348</Point>
            </BunkerPoint>
            <BunkerPoint>
                <DirType>right</DirType>
                <Point>688,316</Point>
            </BunkerPoint>
            <BunkerPoint>
                <DirType>left</DirType>
                <Point>678,244</Point>
            </BunkerPoint>
            <BunkerPoint>
                <DirType>up</DirType>
                <Point>686,232</Point>
            </BunkerPoint>
            <BunkerPoint>
                <DirType>down</DirType>
                <Point>698,264</Point>
            </BunkerPoint>
            <BunkerPoint>
                <DirType>right</DirType>
                <Point>708,250</Point>
            </BunkerPoint>
        </BunkerPoints>
        <WaterPoint/>
    </MapInformation>
    <MapInformation>
        <Index>4</Index>
        <Name>4-searchMap.png</Name>
        <BlackTee>241,950</BlackTee>
        <GoldTee>257,862</GoldTee>
        <WhiteTee>287,767</WhiteTee>
        <BlueTee />
        <RedTee />
        <TrackPoint>
            <Point>251,314</Point>
            <Point>277,261</Point>
        </TrackPoint>
        <BunkerPoints>
            <BunkerPoint>
                <DirType>down</DirType>
                <Point>355,363</Point>
            </BunkerPoint>
            <BunkerPoint>
                <DirType>left</DirType>
                <Point>290,339</Point>
            </BunkerPoint>
            <BunkerPoint>
                <DirType>right</DirType>
                <Point>407,268</Point>
            </BunkerPoint>
            <BunkerPoint>
                <DirType>up</DirType>
                <Point>394,231</Point>
            </BunkerPoint>
            <BunkerPoint>
                <DirType>down</DirType>
                <Point>273,160</Point>
            </BunkerPoint>
            <BunkerPoint>
                <DirType>left</DirType>
                <Point>266,149</Point>
            </BunkerPoint>
            <BunkerPoint>
                <DirType>right</DirType>
                <Point>285,151</Point>
            </BunkerPoint>
            <BunkerPoint>
                <DirType>up</DirType>
                <Point>282,142</Point>
            </BunkerPoint>
        </BunkerPoints>
        <WaterPoint/>
    </MapInformation>
    <MapInformation>
        <Index>5</Index>
        <Name>5-searchMap.png</Name>
        <BlackTee>547,1687</BlackTee>
        <GoldTee>548,1619</GoldTee>
        <WhiteTee>555,1552</WhiteTee>
        <BlueTee />
        <RedTee />
        <TrackPoint>
            <Point>468.500000,1259.000000</Point>
            <Point>476.000000,1159.000000</Point>
            <Point>468.000000,1059.000000</Point>
            <Point>499.500000,959.000000</Point>
            <Point>511.500000,859.000000</Point>
            <Point>506.500000,759.000000</Point>
            <Point>517.500000,659.000000</Point>
            <Point>502.500000,559.000000</Point>
            <Point>490.000000,459.000000</Point>
            <Point>442.500000,359.000000</Point>
        </TrackPoint>
        <BunkerPoints>
            <BunkerPoint>
                <DirType>down</DirType>
                <Point>399,735</Point>
            </BunkerPoint>
            <BunkerPoint>
                <DirType>left</DirType>
                <Point>382,714</Point>
            </BunkerPoint>
            <BunkerPoint>
                <DirType>right</DirType>
                <Point>440,706</Point>
            </BunkerPoint>
            <BunkerPoint>
                <DirType>up</DirType>
                <Point>416,659</Point>
            </BunkerPoint>
            <BunkerPoint>
                <DirType>down</DirType>
                <Point>414,640</Point>
            </BunkerPoint>
            <BunkerPoint>
                <DirType>left</DirType>
                <Point>416,622</Point>
            </BunkerPoint>
            <BunkerPoint>
                <DirType>right</DirType>
                <Point>457,630</Point>
            </BunkerPoint>
            <BunkerPoint>
                <DirType>up</DirType>
                <Point>441,597</Point>
            </BunkerPoint>
            <BunkerPoint>
                <DirType>down</DirType>
                <Point>516,368</Point>
            </BunkerPoint>
            <BunkerPoint>
                <DirType>left</DirType>
                <Point>494,336</Point>
            </BunkerPoint>
            <BunkerPoint>
                <DirType>right</DirType>
                <Point>555,293</Point>
            </BunkerPoint>
            <BunkerPoint>
                <DirType>up</DirType>
                <Point>533,229</Point>
            </BunkerPoint>
        </BunkerPoints>
        <WaterPoint/>
    </MapInformation>
    <MapInformation>
        <Index>6</Index>
        <Name>6-searchMap.png</Name>
        <BlackTee>602,2303</BlackTee>
        <GoldTee>609,2207</GoldTee>
        <WhiteTee>623,2137</WhiteTee>
        <BlueTee />
        <RedTee />
        <TrackPoint>
            <Point>696.000000,1773.000000</Point>
            <Point>694.500000,1673.000000</Point>
            <Point>698.000000,1573.000000</Point>
            <Point>708.000000,1473.000000</Point>
            <Point>713.500000,1373.000000</Point>
            <Point>695.000000,1273.000000</Point>
            <Point>674.500000,1173.000000</Point>
            <Point>655.500000,1073.000000</Point>
            <Point>610.000000,973.000000</Point>
            <Point>550.500000,873.000000</Point>
            <Point>535.500000,773.000000</Point>
            <Point>548.500000,673.000000</Point>
            <Point>565.000000,573.000000</Point>
            <Point>570.500000,473.000000</Point>
            <Point>558.000000,373.000000</Point>
        </TrackPoint>
        <BunkerPoints>
            <BunkerPoint>
                <DirType>down</DirType>
                <Point>768,1273</Point>
            </BunkerPoint>
            <BunkerPoint>
                <DirType>left</DirType>
                <Point>753,1251</Point>
            </BunkerPoint>
            <BunkerPoint>
                <DirType>right</DirType>
                <Point>785,1251</Point>
            </BunkerPoint>
            <BunkerPoint>
                <DirType>up</DirType>
                <Point>765,1227</Point>
            </BunkerPoint>
            <BunkerPoint>
                <DirType>down</DirType>
                <Point>759,1197</Point>
            </BunkerPoint>
            <BunkerPoint>
                <DirType>left</DirType>
                <Point>738,1174</Point>
            </BunkerPoint>
            <BunkerPoint>
                <DirType>right</DirType>
                <Point>768,1176</Point>
            </BunkerPoint>
            <BunkerPoint>
                <DirType>up</DirType>
                <Point>739,1126</Point>
            </BunkerPoint>
            <BunkerPoint>
                <DirType>down</DirType>
                <Point>664,399</Point>
            </BunkerPoint>
            <BunkerPoint>
                <DirType>left</DirType>
                <Point>604,376</Point>
            </BunkerPoint>
            <BunkerPoint>
                <DirType>right</DirType>
                <Point>669,370</Point>
            </BunkerPoint>
            <BunkerPoint>
                <DirType>up</DirType>
                <Point>624,355</Point>
            </BunkerPoint>
            <BunkerPoint>
                <DirType>down</DirType>
                <Point>613,330</Point>
            </BunkerPoint>
            <BunkerPoint>
                <DirType>left</DirType>
                <Point>610,313</Point>
            </BunkerPoint>
            <BunkerPoint>
                <DirType>right</DirType>
                <Point>661,310</Point>
            </BunkerPoint>
            <BunkerPoint>
                <DirType>up</DirType>
                <Point>657,288</Point>
            </BunkerPoint>
            <BunkerPoint>
                <DirType>down</DirType>
                <Point>526,337</Point>
            </BunkerPoint>
            <BunkerPoint>
                <DirType>left</DirType>
                <Point>489,255</Point>
            </BunkerPoint>
            <BunkerPoint>
                <DirType>right</DirType>
                <Point>546,303</Point>
            </BunkerPoint>
            <BunkerPoint>
                <DirType>up</DirType>
                <Point>493,232</Point>
            </BunkerPoint>
            <BunkerPoint>
                <DirType>down</DirType>
                <Point>688,268</Point>
            </BunkerPoint>
            <BunkerPoint>
                <DirType>left</DirType>
                <Point>670,199</Point>
            </BunkerPoint>
            <BunkerPoint>
                <DirType>right</DirType>
                <Point>711,208</Point>
            </BunkerPoint>
            <BunkerPoint>
                <DirType>up</DirType>
                <Point>693,181</Point>
            </BunkerPoint>
            <BunkerPoint>
                <DirType>down</DirType>
                <Point>607,183</Point>
            </BunkerPoint>
            <BunkerPoint>
                <DirType>left</DirType>
                <Point>594,171</Point>
            </BunkerPoint>
            <BunkerPoint>
                <DirType>right</DirType>
                <Point>618,175</Point>
            </BunkerPoint>
            <BunkerPoint>
                <DirType>up</DirType>
                <Point>606,163</Point>
            </BunkerPoint>
        </BunkerPoints>
        <WaterPoint/>
    </MapInformation>
    <MapInformation>
        <Index>7</Index>
        <Name>7-searchMap.png</Name>
        <BlackTee>604,1707</BlackTee>
        <GoldTee>596,1643</GoldTee>
        <WhiteTee>591,1581</WhiteTee>
        <BlueTee />
        <RedTee />
        <TrackPoint>
            <Point>494.500000,1245.000000</Point>
            <Point>482.500000,1145.000000</Point>
            <Point>454.000000,1045.000000</Point>
            <Point>428.500000,945.000000</Point>
            <Point>413.500000,845.000000</Point>
            <Point>413.500000,745.000000</Point>
            <Point>428.000000,645.000000</Point>
            <Point>441.500000,545.000000</Point>
            <Point>433.500000,445.000000</Point>
        </TrackPoint>
        <BunkerPoints>
            <BunkerPoint>
                <DirType>down</DirType>
                <Point>461,391</Point>
            </BunkerPoint>
            <BunkerPoint>
                <DirType>left</DirType>
                <Point>381,319</Point>
            </BunkerPoint>
            <BunkerPoint>
                <DirType>right</DirType>
                <Point>468,372</Point>
            </BunkerPoint>
            <BunkerPoint>
                <DirType>up</DirType>
                <Point>387,305</Point>
            </BunkerPoint>
            <BunkerPoint>
                <DirType>down</DirType>
                <Point>394,255</Point>
            </BunkerPoint>
            <BunkerPoint>
                <DirType>left</DirType>
                <Point>379,247</Point>
            </BunkerPoint>
            <BunkerPoint>
                <DirType>right</DirType>
                <Point>395,240</Point>
            </BunkerPoint>
            <BunkerPoint>
                <DirType>up</DirType>
                <Point>383,233</Point>
            </BunkerPoint>
        </BunkerPoints>
        <WaterPoint/>
    </MapInformation>
    <MapInformation>
        <Index>8</Index>
        <Name>8-searchMap.png</Name>
        <BlackTee>288,1012</BlackTee>
        <GoldTee>259,951</GoldTee>
        <WhiteTee>203,868</WhiteTee>
        <BlueTee />
        <RedTee />
        <TrackPoint>
            <Point>267,480</Point>
            <Point>254,359</Point>
            <Point>288,287</Point>
        </TrackPoint>
        <BunkerPoints>
            <BunkerPoint>
                <DirType>down</DirType>
                <Point>301,403</Point>
            </BunkerPoint>
            <BunkerPoint>
                <DirType>left</DirType>
                <Point>290,347</Point>
            </BunkerPoint>
            <BunkerPoint>
                <DirType>right</DirType>
                <Point>446,320</Point>
            </BunkerPoint>
            <BunkerPoint>
                <DirType>up</DirType>
                <Point>371,289</Point>
            </BunkerPoint>
        </BunkerPoints>
        <WaterPoint/>
    </MapInformation>
    <MapInformation>
        <Index>9</Index>
        <Name>9-searchMap.png</Name>
        <BlackTee>512,1982</BlackTee>
        <GoldTee>344,1863</GoldTee>
        <WhiteTee>209,1461</WhiteTee>
        <BlueTee />
        <RedTee />
        <TrackPoint>
            <Point>348.500000,1406.000000</Point>
            <Point>335.000000,1306.000000</Point>
            <Point>344.000000,1206.000000</Point>
            <Point>384.500000,1106.000000</Point>
            <Point>446.500000,1006.000000</Point>
            <Point>466.500000,906.000000</Point>
            <Point>495.000000,806.000000</Point>
            <Point>505.500000,706.000000</Point>
            <Point>513.000000,606.000000</Point>
            <Point>578.000000,506.000000</Point>
            <Point>637.500000,406.000000</Point>
        </TrackPoint>
        <BunkerPoints>
            <BunkerPoint>
                <DirType>down</DirType>
                <Point>452,1206</Point>
            </BunkerPoint>
            <BunkerPoint>
                <DirType>left</DirType>
                <Point>454,1151</Point>
            </BunkerPoint>
            <BunkerPoint>
                <DirType>right</DirType>
                <Point>490,1192</Point>
            </BunkerPoint>
            <BunkerPoint>
                <DirType>up</DirType>
                <Point>480,1133</Point>
            </BunkerPoint>
            <BunkerPoint>
                <DirType>down</DirType>
                <Point>489,1100</Point>
            </BunkerPoint>
            <BunkerPoint>
                <DirType>left</DirType>
                <Point>473,1082</Point>
            </BunkerPoint>
            <BunkerPoint>
                <DirType>right</DirType>
                <Point>497,1080</Point>
            </BunkerPoint>
            <BunkerPoint>
                <DirType>up</DirType>
                <Point>483,1069</Point>
            </BunkerPoint>
            <BunkerPoint>
                <DirType>down</DirType>
                <Point>603,317</Point>
            </BunkerPoint>
            <BunkerPoint>
                <DirType>left</DirType>
                <Point>598,299</Point>
            </BunkerPoint>
            <BunkerPoint>
                <DirType>right</DirType>
                <Point>648,259</Point>
            </BunkerPoint>
            <BunkerPoint>
                <DirType>up</DirType>
                <Point>637,239</Point>
            </BunkerPoint>
        </BunkerPoints>
        <WaterPoint/>
    </MapInformation>
    <MapInformation>
        <Index>10</Index>
        <Name>10-searchMap.png</Name>
        <BlackTee>512,1953</BlackTee>
        <GoldTee>552,1784</GoldTee>
        <WhiteTee>611,1669</WhiteTee>
        <BlueTee />
        <RedTee />
        <TrackPoint>
            <Point>662.000000,1342.000000</Point>
            <Point>661.000000,1242.000000</Point>
            <Point>687.500000,1142.000000</Point>
            <Point>717.000000,1042.000000</Point>
            <Point>729.500000,942.000000</Point>
            <Point>708.500000,842.000000</Point>
            <Point>686.500000,742.000000</Point>
            <Point>673.000000,642.000000</Point>
            <Point>632.500000,542.000000</Point>
            <Point>602.000000,442.000000</Point>
            <Point>476.000000,342.000000</Point>
        </TrackPoint>
        <BunkerPoints>
            <BunkerPoint>
                <DirType>down</DirType>
                <Point>605,725</Point>
            </BunkerPoint>
            <BunkerPoint>
                <DirType>left</DirType>
                <Point>581,673</Point>
            </BunkerPoint>
            <BunkerPoint>
                <DirType>right</DirType>
                <Point>618,707</Point>
            </BunkerPoint>
            <BunkerPoint>
                <DirType>up</DirType>
                <Point>590,641</Point>
            </BunkerPoint>
            <BunkerPoint>
                <DirType>down</DirType>
                <Point>572,298</Point>
            </BunkerPoint>
            <BunkerPoint>
                <DirType>left</DirType>
                <Point>565,281</Point>
            </BunkerPoint>
            <BunkerPoint>
                <DirType>right</DirType>
                <Point>587,269</Point>
            </BunkerPoint>
            <BunkerPoint>
                <DirType>up</DirType>
                <Point>572,254</Point>
            </BunkerPoint>
        </BunkerPoints>
        <WaterPoint/>
    </MapInformation>
    <MapInformation>
        <Index>11</Index>
        <Name>11-searchMap.png</Name>
        <BlackTee>426,2411</BlackTee>
        <GoldTee>443,2344</GoldTee>
        <WhiteTee>471,2279</WhiteTee>
        <BlueTee />
        <RedTee />
        <TrackPoint>
            <Point>705.000000,1818.000000</Point>
            <Point>692.000000,1718.000000</Point>
            <Point>721.000000,1618.000000</Point>
            <Point>772.000000,1518.000000</Point>
            <Point>796.500000,1418.000000</Point>
            <Point>813.500000,1318.000000</Point>
            <Point>824.500000,1218.000000</Point>
            <Point>822.500000,1118.000000</Point>
            <Point>820.500000,1018.000000</Point>
            <Point>833.500000,918.000000</Point>
            <Point>839.500000,818.000000</Point>
            <Point>835.000000,718.000000</Point>
            <Point>814.000000,618.000000</Point>
            <Point>814.000000,518.000000</Point>
            <Point>811.500000,418.000000</Point>
            <Point>765.000000,318.000000</Point>
        </TrackPoint>
        <BunkerPoints/>
        <WaterPoint/>
    </MapInformation>
    <MapInformation>
        <Index>12</Index>
        <Name>12-searchMap.png</Name>
        <BlackTee>192,1498</BlackTee>
        <GoldTee>310,1351</GoldTee>
        <WhiteTee>398,1251</WhiteTee>
        <BlueTee />
        <RedTee />
        <TrackPoint>
            <Point>463.000000,1169.000000</Point>
            <Point>494.500000,1069.000000</Point>
            <Point>567.500000,969.000000</Point>
            <Point>617.500000,869.000000</Point>
            <Point>598.500000,769.000000</Point>
            <Point>546.500000,669.000000</Point>
            <Point>458.500000,569.000000</Point>
            <Point>414.000000,469.000000</Point>
            <Point>356.500000,369.000000</Point>
        </TrackPoint>
        <BunkerPoints>
            <BunkerPoint>
                <DirType>down</DirType>
                <Point>390,954</Point>
            </BunkerPoint>
            <BunkerPoint>
                <DirType>left</DirType>
                <Point>369,935</Point>
            </BunkerPoint>
            <BunkerPoint>
                <DirType>right</DirType>
                <Point>433,918</Point>
            </BunkerPoint>
            <BunkerPoint>
                <DirType>up</DirType>
                <Point>421,903</Point>
            </BunkerPoint>
            <BunkerPoint>
                <DirType>down</DirType>
                <Point>361,875</Point>
            </BunkerPoint>
            <BunkerPoint>
                <DirType>left</DirType>
                <Point>333,863</Point>
            </BunkerPoint>
            <BunkerPoint>
                <DirType>right</DirType>
                <Point>391,849</Point>
            </BunkerPoint>
            <BunkerPoint>
                <DirType>up</DirType>
                <Point>381,829</Point>
            </BunkerPoint>
            <BunkerPoint>
                <DirType>down</DirType>
                <Point>487,888</Point>
            </BunkerPoint>
            <BunkerPoint>
                <DirType>left</DirType>
                <Point>456,802</Point>
            </BunkerPoint>
            <BunkerPoint>
                <DirType>right</DirType>
                <Point>511,849</Point>
            </BunkerPoint>
            <BunkerPoint>
                <DirType>up</DirType>
                <Point>426,706</Point>
            </BunkerPoint>
            <BunkerPoint>
                <DirType>down</DirType>
                <Point>393,793</Point>
            </BunkerPoint>
            <BunkerPoint>
                <DirType>left</DirType>
                <Point>349,764</Point>
            </BunkerPoint>
            <BunkerPoint>
                <DirType>right</DirType>
                <Point>387,749</Point>
            </BunkerPoint>
            <BunkerPoint>
                <DirType>up</DirType>
                <Point>351,746</Point>
            </BunkerPoint>
            <BunkerPoint>
                <DirType>down</DirType>
                <Point>370,721</Point>
            </BunkerPoint>
            <BunkerPoint>
                <DirType>left</DirType>
                <Point>339,667</Point>
            </BunkerPoint>
            <BunkerPoint>
                <DirType>right</DirType>
                <Point>394,676</Point>
            </BunkerPoint>
            <BunkerPoint>
                <DirType>up</DirType>
                <Point>355,629</Point>
            </BunkerPoint>
            <BunkerPoint>
                <DirType>down</DirType>
                <Point>346,617</Point>
            </BunkerPoint>
            <BunkerPoint>
                <DirType>left</DirType>
                <Point>303,581</Point>
            </BunkerPoint>
            <BunkerPoint>
                <DirType>right</DirType>
                <Point>363,572</Point>
            </BunkerPoint>
            <BunkerPoint>
                <DirType>up</DirType>
                <Point>330,541</Point>
            </BunkerPoint>
            <BunkerPoint>
                <DirType>down</DirType>
                <Point>280,401</Point>
            </BunkerPoint>
            <BunkerPoint>
                <DirType>left</DirType>
                <Point>207,364</Point>
            </BunkerPoint>
            <BunkerPoint>
                <DirType>right</DirType>
                <Point>294,371</Point>
            </BunkerPoint>
            <BunkerPoint>
                <DirType>up</DirType>
                <Point>219,338</Point>
            </BunkerPoint>
            <BunkerPoint>
                <DirType>down</DirType>
                <Point>411,337</Point>
            </BunkerPoint>
            <BunkerPoint>
                <DirType>left</DirType>
                <Point>387,325</Point>
            </BunkerPoint>
            <BunkerPoint>
                <DirType>right</DirType>
                <Point>418,320</Point>
            </BunkerPoint>
            <BunkerPoint>
                <DirType>up</DirType>
                <Point>394,308</Point>
            </BunkerPoint>
            <BunkerPoint>
                <DirType>down</DirType>
                <Point>382,293</Point>
            </BunkerPoint>
            <BunkerPoint>
                <DirType>left</DirType>
                <Point>355,287</Point>
            </BunkerPoint>
            <BunkerPoint>
                <DirType>right</DirType>
                <Point>391,278</Point>
            </BunkerPoint>
            <BunkerPoint>
                <DirType>up</DirType>
                <Point>367,257</Point>
            </BunkerPoint>
            <BunkerPoint>
                <DirType>down</DirType>
                <Point>366,217</Point>
            </BunkerPoint>
            <BunkerPoint>
                <DirType>left</DirType>
                <Point>354,197</Point>
            </BunkerPoint>
            <BunkerPoint>
                <DirType>right</DirType>
                <Point>379,191</Point>
            </BunkerPoint>
            <BunkerPoint>
                <DirType>up</DirType>
                <Point>369,175</Point>
            </BunkerPoint>
        </BunkerPoints>
        <WaterPoint/>
    </MapInformation>
    <MapInformation>
        <Index>13</Index>
        <Name>13-searchMap.png</Name>
        <BlackTee>191,875</BlackTee>
        <GoldTee>202,800</GoldTee>
        <WhiteTee>312,545</WhiteTee>
        <BlueTee />
        <RedTee />
        <TrackPoint>
            <Point>306,459</Point>
            <Point>315,293</Point>
        </TrackPoint>
        <BunkerPoints/>
        <WaterPoint>
            <Point>113.000000,525.000000</Point>
            <Point>122.000000,525.000000</Point>
            <Point>68.000000,450.000000</Point>
            <Point>245.000000,450.000000</Point>
            <Point>382.000000,450.000000</Point>
            <Point>402.000000,450.000000</Point>
            <Point>36.000000,375.000000</Point>
            <Point>492.000000,375.000000</Point>
            <Point>8.000000,300.000000</Point>
            <Point>273.000000,300.000000</Point>
            <Point>342.000000,300.000000</Point>
            <Point>554.000000,300.000000</Point>
            <Point>28.000000,225.000000</Point>
            <Point>224.000000,225.000000</Point>
            <Point>390.000000,225.000000</Point>
            <Point>430.000000,225.000000</Point>
            <Point>19.000000,150.000000</Point>
            <Point>60.000000,150.000000</Point>
            <Point>2.000000,75.000000</Point>
            <Point>556.000000,75.000000</Point>
            <Point>262.000000,0.000000</Point>
            <Point>539.000000,0.000000</Point>
        </WaterPoint>
    </MapInformation>
    <MapInformation>
        <Index>14</Index>
        <Name>14-searchMap.png</Name>
        <BlackTee>579,1906</BlackTee>
        <GoldTee>614,1619</GoldTee>
        <WhiteTee>590,1427</WhiteTee>
        <BlueTee />
        <RedTee />
        <TrackPoint>
            <Point>545.000000,1069.000000</Point>
            <Point>558.000000,969.000000</Point>
            <Point>545.000000,869.000000</Point>
            <Point>531.500000,769.000000</Point>
            <Point>521.000000,669.000000</Point>
            <Point>508.500000,569.000000</Point>
            <Point>490.000000,469.000000</Point>
            <Point>461.500000,369.000000</Point>
        </TrackPoint>
        <BunkerPoints>
            <BunkerPoint>
                <DirType>down</DirType>
                <Point>538,420</Point>
            </BunkerPoint>
            <BunkerPoint>
                <DirType>left</DirType>
                <Point>534,403</Point>
            </BunkerPoint>
            <BunkerPoint>
                <DirType>right</DirType>
                <Point>551,398</Point>
            </BunkerPoint>
            <BunkerPoint>
                <DirType>up</DirType>
                <Point>540,381</Point>
            </BunkerPoint>
            <BunkerPoint>
                <DirType>down</DirType>
                <Point>539,355</Point>
            </BunkerPoint>
            <BunkerPoint>
                <DirType>left</DirType>
                <Point>533,340</Point>
            </BunkerPoint>
            <BunkerPoint>
                <DirType>right</DirType>
                <Point>570,326</Point>
            </BunkerPoint>
            <BunkerPoint>
                <DirType>up</DirType>
                <Point>548,316</Point>
            </BunkerPoint>
            <BunkerPoint>
                <DirType>down</DirType>
                <Point>571,282</Point>
            </BunkerPoint>
            <BunkerPoint>
                <DirType>left</DirType>
                <Point>554,267</Point>
            </BunkerPoint>
            <BunkerPoint>
                <DirType>right</DirType>
                <Point>580,274</Point>
            </BunkerPoint>
            <BunkerPoint>
                <DirType>up</DirType>
                <Point>565,256</Point>
            </BunkerPoint>
            <BunkerPoint>
                <DirType>down</DirType>
                <Point>427,302</Point>
            </BunkerPoint>
            <BunkerPoint>
                <DirType>left</DirType>
                <Point>390,270</Point>
            </BunkerPoint>
            <BunkerPoint>
                <DirType>right</DirType>
                <Point>442,279</Point>
            </BunkerPoint>
            <BunkerPoint>
                <DirType>up</DirType>
                <Point>399,243</Point>
            </BunkerPoint>
        </BunkerPoints>
        <WaterPoint/>
    </MapInformation>
    <MapInformation>
        <Index>15</Index>
        <Name>15-searchMap.png</Name>
        <BlackTee>640,2078</BlackTee>
        <GoldTee>644,2005</GoldTee>
        <WhiteTee>663,1834</WhiteTee>
        <BlueTee />
        <RedTee />
        <TrackPoint>
            <Point>582.500000,1521.000000</Point>
            <Point>558.000000,1421.000000</Point>
            <Point>556.000000,1321.000000</Point>
            <Point>566.500000,1221.000000</Point>
            <Point>575.000000,1121.000000</Point>
            <Point>579.000000,1021.000000</Point>
            <Point>580.500000,921.000000</Point>
            <Point>587.500000,821.000000</Point>
            <Point>593.500000,721.000000</Point>
            <Point>550.000000,621.000000</Point>
            <Point>561.000000,521.000000</Point>
            <Point>598.500000,421.000000</Point>
            <Point>626.500000,321.000000</Point>
        </TrackPoint>
        <BunkerPoints>
            <BunkerPoint>
                <DirType>down</DirType>
                <Point>472,1247</Point>
            </BunkerPoint>
            <BunkerPoint>
                <DirType>left</DirType>
                <Point>455,1240</Point>
            </BunkerPoint>
            <BunkerPoint>
                <DirType>right</DirType>
                <Point>485,1222</Point>
            </BunkerPoint>
            <BunkerPoint>
                <DirType>up</DirType>
                <Point>473,1190</Point>
            </BunkerPoint>
            <BunkerPoint>
                <DirType>down</DirType>
                <Point>466,1163</Point>
            </BunkerPoint>
            <BunkerPoint>
                <DirType>left</DirType>
                <Point>454,1147</Point>
            </BunkerPoint>
            <BunkerPoint>
                <DirType>right</DirType>
                <Point>487,1142</Point>
            </BunkerPoint>
            <BunkerPoint>
                <DirType>up</DirType>
                <Point>472,1114</Point>
            </BunkerPoint>
            <BunkerPoint>
                <DirType>down</DirType>
                <Point>476,1067</Point>
            </BunkerPoint>
            <BunkerPoint>
                <DirType>left</DirType>
                <Point>467,1042</Point>
            </BunkerPoint>
            <BunkerPoint>
                <DirType>right</DirType>
                <Point>500,1034</Point>
            </BunkerPoint>
            <BunkerPoint>
                <DirType>up</DirType>
                <Point>490,1004</Point>
            </BunkerPoint>
            <BunkerPoint>
                <DirType>down</DirType>
                <Point>652,632</Point>
            </BunkerPoint>
            <BunkerPoint>
                <DirType>left</DirType>
                <Point>605,605</Point>
            </BunkerPoint>
            <BunkerPoint>
                <DirType>right</DirType>
                <Point>683,608</Point>
            </BunkerPoint>
            <BunkerPoint>
                <DirType>up</DirType>
                <Point>640,596</Point>
            </BunkerPoint>
            <BunkerPoint>
                <DirType>down</DirType>
                <Point>682,337</Point>
            </BunkerPoint>
            <BunkerPoint>
                <DirType>left</DirType>
                <Point>661,322</Point>
            </BunkerPoint>
            <BunkerPoint>
                <DirType>right</DirType>
                <Point>697,292</Point>
            </BunkerPoint>
            <BunkerPoint>
                <DirType>up</DirType>
                <Point>680,275</Point>
            </BunkerPoint>
            <BunkerPoint>
                <DirType>down</DirType>
                <Point>532,241</Point>
            </BunkerPoint>
            <BunkerPoint>
                <DirType>left</DirType>
                <Point>523,227</Point>
            </BunkerPoint>
            <BunkerPoint>
                <DirType>right</DirType>
                <Point>553,226</Point>
            </BunkerPoint>
            <BunkerPoint>
                <DirType>up</DirType>
                <Point>547,197</Point>
            </BunkerPoint>
            <BunkerPoint>
                <DirType>down</DirType>
                <Point>578,343</Point>
            </BunkerPoint>
            <BunkerPoint>
                <DirType>left</DirType>
                <Point>545,308</Point>
            </BunkerPoint>
            <BunkerPoint>
                <DirType>right</DirType>
                <Point>590,320</Point>
            </BunkerPoint>
            <BunkerPoint>
                <DirType>up</DirType>
                <Point>544,280</Point>
            </BunkerPoint>
        </BunkerPoints>
        <WaterPoint/>
    </MapInformation>
    <MapInformation>
        <Index>16</Index>
        <Name>16-searchMap.png</Name>
        <BlackTee>509,1824</BlackTee>
        <GoldTee>503,1715</GoldTee>
        <WhiteTee>485,1574</WhiteTee>
        <BlueTee />
        <RedTee />
        <TrackPoint>
            <Point>475.000000,1345.000000</Point>
            <Point>483.000000,1245.000000</Point>
            <Point>489.000000,1145.000000</Point>
            <Point>481.500000,1045.000000</Point>
            <Point>457.500000,945.000000</Point>
            <Point>446.000000,845.000000</Point>
            <Point>465.000000,745.000000</Point>
            <Point>499.500000,645.000000</Point>
            <Point>536.000000,545.000000</Point>
            <Point>557.500000,445.000000</Point>
            <Point>586.000000,345.000000</Point>
        </TrackPoint>
        <BunkerPoints>
            <BunkerPoint>
                <DirType>down</DirType>
                <Point>538,822</Point>
            </BunkerPoint>
            <BunkerPoint>
                <DirType>left</DirType>
                <Point>522,799</Point>
            </BunkerPoint>
            <BunkerPoint>
                <DirType>right</DirType>
                <Point>571,799</Point>
            </BunkerPoint>
            <BunkerPoint>
                <DirType>up</DirType>
                <Point>552,753</Point>
            </BunkerPoint>
            <BunkerPoint>
                <DirType>down</DirType>
                <Point>651,394</Point>
            </BunkerPoint>
            <BunkerPoint>
                <DirType>left</DirType>
                <Point>622,378</Point>
            </BunkerPoint>
            <BunkerPoint>
                <DirType>right</DirType>
                <Point>664,381</Point>
            </BunkerPoint>
            <BunkerPoint>
                <DirType>up</DirType>
                <Point>633,358</Point>
            </BunkerPoint>
            <BunkerPoint>
                <DirType>down</DirType>
                <Point>528,364</Point>
            </BunkerPoint>
            <BunkerPoint>
                <DirType>left</DirType>
                <Point>513,327</Point>
            </BunkerPoint>
            <BunkerPoint>
                <DirType>right</DirType>
                <Point>541,333</Point>
            </BunkerPoint>
            <BunkerPoint>
                <DirType>up</DirType>
                <Point>529,313</Point>
            </BunkerPoint>
            <BunkerPoint>
                <DirType>down</DirType>
                <Point>679,343</Point>
            </BunkerPoint>
            <BunkerPoint>
                <DirType>left</DirType>
                <Point>658,322</Point>
            </BunkerPoint>
            <BunkerPoint>
                <DirType>right</DirType>
                <Point>696,324</Point>
            </BunkerPoint>
            <BunkerPoint>
                <DirType>up</DirType>
                <Point>691,304</Point>
            </BunkerPoint>
            <BunkerPoint>
                <DirType>down</DirType>
                <Point>514,286</Point>
            </BunkerPoint>
            <BunkerPoint>
                <DirType>left</DirType>
                <Point>495,273</Point>
            </BunkerPoint>
            <BunkerPoint>
                <DirType>right</DirType>
                <Point>525,267</Point>
            </BunkerPoint>
            <BunkerPoint>
                <DirType>up</DirType>
                <Point>501,246</Point>
            </BunkerPoint>
        </BunkerPoints>
        <WaterPoint/>
    </MapInformation>
    <MapInformation>
        <Index>17</Index>
        <Name>17-searchMap.png</Name>
        <BlackTee>230,914</BlackTee>
        <GoldTee>255,814</GoldTee>
        <WhiteTee>336,690</WhiteTee>
        <BlueTee />
        <RedTee />
        <TrackPoint>
            <Point>323,413</Point>
            <Point>319,316</Point>
        </TrackPoint>
        <BunkerPoints>
            <BunkerPoint>
                <DirType>down</DirType>
                <Point>268,398</Point>
            </BunkerPoint>
            <BunkerPoint>
                <DirType>left</DirType>
                <Point>245,374</Point>
            </BunkerPoint>
            <BunkerPoint>
                <DirType>right</DirType>
                <Point>292,386</Point>
            </BunkerPoint>
            <BunkerPoint>
                <DirType>up</DirType>
                <Point>286,347</Point>
            </BunkerPoint>
            <BunkerPoint>
                <DirType>down</DirType>
                <Point>356,358</Point>
            </BunkerPoint>
            <BunkerPoint>
                <DirType>left</DirType>
                <Point>343,330</Point>
            </BunkerPoint>
            <BunkerPoint>
                <DirType>right</DirType>
                <Point>377,336</Point>
            </BunkerPoint>
            <BunkerPoint>
                <DirType>up</DirType>
                <Point>366,313</Point>
            </BunkerPoint>
            <BunkerPoint>
                <DirType>down</DirType>
                <Point>219,290</Point>
            </BunkerPoint>
            <BunkerPoint>
                <DirType>left</DirType>
                <Point>225,259</Point>
            </BunkerPoint>
            <BunkerPoint>
                <DirType>right</DirType>
                <Point>251,269</Point>
            </BunkerPoint>
            <BunkerPoint>
                <DirType>up</DirType>
                <Point>246,199</Point>
            </BunkerPoint>
        </BunkerPoints>
        <WaterPoint/>
    </MapInformation>
    <MapInformation>
        <Index>18</Index>
        <Name>18-searchMap.png</Name>
        <BlackTee>317,1931</BlackTee>
        <GoldTee>357,1854</GoldTee>
        <WhiteTee>418,1777</WhiteTee>
        <BlueTee />
        <RedTee />
        <TrackPoint>
            <Point>526.500000,1544.000000</Point>
            <Point>568.500000,1444.000000</Point>
            <Point>631.000000,1344.000000</Point>
            <Point>705.500000,1244.000000</Point>
            <Point>716.000000,1144.000000</Point>
            <Point>711.000000,1044.000000</Point>
            <Point>683.000000,944.000000</Point>
            <Point>645.500000,844.000000</Point>
            <Point>619.500000,744.000000</Point>
            <Point>598.500000,644.000000</Point>
            <Point>567.500000,544.000000</Point>
            <Point>526.000000,444.000000</Point>
        </TrackPoint>
        <BunkerPoints>
            <BunkerPoint>
                <DirType>down</DirType>
                <Point>453,390</Point>
            </BunkerPoint>
            <BunkerPoint>
                <DirType>left</DirType>
                <Point>366,327</Point>
            </BunkerPoint>
            <BunkerPoint>
                <DirType>right</DirType>
                <Point>464,371</Point>
            </BunkerPoint>
            <BunkerPoint>
                <DirType>up</DirType>
                <Point>379,311</Point>
            </BunkerPoint>
            <BunkerPoint>
                <DirType>down</DirType>
                <Point>521,257</Point>
            </BunkerPoint>
            <BunkerPoint>
                <DirType>left</DirType>
                <Point>467,212</Point>
            </BunkerPoint>
            <BunkerPoint>
                <DirType>right</DirType>
                <Point>526,240</Point>
            </BunkerPoint>
            <BunkerPoint>
                <DirType>up</DirType>
                <Point>490,200</Point>
            </BunkerPoint>
        </BunkerPoints>
        <WaterPoint/>
    </MapInformation>
</GolfMapInformation>
