<?xml version="1.0" encoding="UTF-8" ?>
<GolfTracks>
<GolfTrack>
	<MapImageName>Hole_1.jpg</MapImageName>
	<MapIndex>1</MapIndex>
	<NextMapIndex>2</NextMapIndex>
	<IsBeginMap>1</IsBeginMap>
	<ImageSize>1206,2144</ImageSize>
	<PixelSize>0.2497</PixelSize>
	<TrackCenterPoint>607,266</TrackCenterPoint>
    <GPSCenterPoint>41.659572,-91.568045</GPSCenterPoint>
    <Rotation>-45</Rotation>

	<GreenMapName>Green-1.jpg</GreenMapName>
	<HeightMapName>H1.png</HeightMapName>
	<GreenMapPixelSize>0.04</GreenMapPixelSize>
	<GreenCenterPoint>487,584</GreenCenterPoint>
    <GreenImageSize>1000,1063</GreenImageSize>
    <LineHeight>0</LineHeight>
    <IsHasGreen>0</IsHasGreen>
</GolfTrack>

<GolfTrack>
	<MapImageName>Hole_2.jpg</MapImageName>
	<MapIndex>2</MapIndex>
	<NextMapIndex>3</NextMapIndex>
	<ImageSize>1386,2464</ImageSize>
	<PixelSize>0.2497</PixelSize>
	<TrackCenterPoint>744,258</TrackCenterPoint>
    <GPSCenterPoint>41.663020,-91.572526</GPSCenterPoint>
    <Rotation>-45</Rotation>
    
    <GreenMapName>Green-2.jpg</GreenMapName>
	<HeightMapName>H2.png</HeightMapName>
    <GreenMapPixelSize>0.04</GreenMapPixelSize>
    <GreenCenterPoint>496,543</GreenCenterPoint>
    <GreenImageSize>1000,1063</GreenImageSize>
    <LineHeight>0</LineHeight>
    <IsHasGreen>0</IsHasGreen>
</GolfTrack>

<GolfTrack>
	<MapImageName>Hole_3.jpg</MapImageName>
	<MapIndex>3</MapIndex>
	<NextMapIndex>4</NextMapIndex>
	<ImageSize>1134,2016</ImageSize>
	<PixelSize>0.2497</PixelSize>
	<TrackCenterPoint>602,256</TrackCenterPoint>
    <GPSCenterPoint>41.660073,-91.573045</GPSCenterPoint>
    <Rotation>180</Rotation>
    
	<GreenMapName>Green-3.jpg</GreenMapName>
	<HeightMapName>H3.png</HeightMapName>
    <GreenMapPixelSize>0.04</GreenMapPixelSize>
    <GreenCenterPoint>497,520</GreenCenterPoint>
    <GreenImageSize>1000,1063</GreenImageSize>
    <LineHeight>0</LineHeight>
    <IsHasGreen>0</IsHasGreen>
</GolfTrack>

<GolfTrack>
	<MapImageName>Hole_4.jpg</MapImageName>
	<MapIndex>4</MapIndex>
	<NextMapIndex>5</NextMapIndex>
	<ImageSize>594,1056</ImageSize>
	<PixelSize>0.2497</PixelSize>
	<TrackCenterPoint>322,207</TrackCenterPoint>
    <GPSCenterPoint>41.660195,-91.571654</GPSCenterPoint>
    <Rotation>45</Rotation>
    
	<GreenMapName>Green-4.jpg</GreenMapName>
	<HeightMapName>H4.png</HeightMapName>
    <GreenMapPixelSize>0.04</GreenMapPixelSize>
    <GreenCenterPoint>545,548</GreenCenterPoint>
    <GreenImageSize>1000,1063</GreenImageSize>
    <LineHeight>0</LineHeight>
    <IsHasGreen>0</IsHasGreen>
</GolfTrack>

<GolfTrack>
	<MapImageName>Hole_5.jpg</MapImageName>
	<MapIndex>5</MapIndex>
	<NextMapIndex>6</NextMapIndex>
	<ImageSize>1017,1808</ImageSize>
	<PixelSize>0.2497</PixelSize>
	<TrackCenterPoint>458,231</TrackCenterPoint>
    <GPSCenterPoint>41.657942,-91.573102</GPSCenterPoint>
    <Rotation>-135</Rotation>
    
	<GreenMapName>Green-5.jpg</GreenMapName>
	<HeightMapName>H5.png</HeightMapName>
    <GreenMapPixelSize>0.04</GreenMapPixelSize>
    <GreenCenterPoint>472,485</GreenCenterPoint>
    <GreenImageSize>1000,1063</GreenImageSize>
    <LineHeight>0</LineHeight>
    <IsHasGreen>0</IsHasGreen>
</GolfTrack>

<GolfTrack>
	<MapImageName>Hole_6.jpg</MapImageName>
	<MapIndex>6</MapIndex>
	<NextMapIndex>7</NextMapIndex>
	<ImageSize>1350,2400</ImageSize>
	<PixelSize>0.2497</PixelSize>
	<TrackCenterPoint>612,235</TrackCenterPoint>
    <GPSCenterPoint>41.659293,-91.568661</GPSCenterPoint>
    <Rotation>60</Rotation>
    
	<GreenMapName>Green-6.jpg</GreenMapName>
	<HeightMapName>H6.png</HeightMapName>
    <GreenMapPixelSize>0.04</GreenMapPixelSize>
    <GreenCenterPoint>550,535</GreenCenterPoint>
    <GreenImageSize>1000,1063</GreenImageSize>
    <LineHeight>0</LineHeight>
    <IsHasGreen>0</IsHasGreen>
</GolfTrack>

<GolfTrack>
	<MapImageName>Hole_7.jpg</MapImageName>
	<MapIndex>7</MapIndex>
	<NextMapIndex>8</NextMapIndex>
	<ImageSize>999,1776</ImageSize>
	<PixelSize>0.2497</PixelSize>
	<TrackCenterPoint>454,208</TrackCenterPoint>
    <GPSCenterPoint>41.663042,-91.568478</GPSCenterPoint>
    <Rotation>0</Rotation>
    
	<GreenMapName>Green-7.jpg</GreenMapName>
	<HeightMapName>H7.png</HeightMapName>
    <GreenMapPixelSize>0.04</GreenMapPixelSize>
    <GreenCenterPoint>503,493</GreenCenterPoint>
    <GreenImageSize>1000,1063</GreenImageSize>
    <LineHeight>0</LineHeight>
    <IsHasGreen>0</IsHasGreen>
</GolfTrack>

<GolfTrack>
	<MapImageName>Hole_8.jpg</MapImageName>
	<MapIndex>8</MapIndex>
	<NextMapIndex>9</NextMapIndex>
	<ImageSize>639,1136</ImageSize>
	<PixelSize>0.2497</PixelSize>
	<TrackCenterPoint>337,210</TrackCenterPoint>
    <GPSCenterPoint>41.661794,-91.566358</GPSCenterPoint>
    <Rotation>135</Rotation>
    
	<GreenMapName>Green-8.jpg</GreenMapName>
	<HeightMapName>H8.png</HeightMapName>
    <GreenMapPixelSize>0.04</GreenMapPixelSize>
    <GreenCenterPoint>452,426</GreenCenterPoint>
    <GreenImageSize>1000,1063</GreenImageSize>
    <LineHeight>0</LineHeight>
    <IsHasGreen>0</IsHasGreen>
</GolfTrack>

<GolfTrack>	
	<MapImageName>Hole_9.jpg</MapImageName>
	<MapIndex>9</MapIndex>
	<NextMapIndex>10</NextMapIndex>
	<ImageSize>1170,2080</ImageSize>
	<PixelSize>0.2497</PixelSize>
	<TrackCenterPoint>712,273</TrackCenterPoint>
    <GPSCenterPoint>41.658310,-91.564097</GPSCenterPoint>
    <Rotation>135</Rotation>
    
	<GreenMapName>Green-9.jpg</GreenMapName>
	<HeightMapName>H9.png</HeightMapName>
    <GreenMapPixelSize>0.04</GreenMapPixelSize>
    <GreenCenterPoint>520,520</GreenCenterPoint>
    <GreenImageSize>1000,1063</GreenImageSize>
    <LineHeight>0</LineHeight>
    <IsHasGreen>0</IsHasGreen>
</GolfTrack>

<GolfTrack>
	<MapImageName>Hole_10.jpg</MapImageName>
	<MapIndex>10</MapIndex>
	<NextMapIndex>11</NextMapIndex>
	<ImageSize>1152,2048</ImageSize>
	<PixelSize>0.2497</PixelSize>
	<TrackCenterPoint>493,279</TrackCenterPoint>
    <GPSCenterPoint>41.659907,-91.567489</GPSCenterPoint>
    <Rotation>-45</Rotation>
    
	<GreenMapName>Green-10.jpg</GreenMapName>
	<HeightMapName>H10.png</HeightMapName>
    <GreenMapPixelSize>0.04</GreenMapPixelSize>
    <GreenCenterPoint>451,550</GreenCenterPoint>
    <GreenImageSize>1000,1063</GreenImageSize>
    <LineHeight>0</LineHeight>
    <IsHasGreen>0</IsHasGreen>
</GolfTrack>

<GolfTrack>
	<MapImageName>Hole_11.jpg</MapImageName>
	<MapIndex>11</MapIndex>
	<NextMapIndex>12</NextMapIndex>
	<ImageSize>1413,2512</ImageSize>
	<PixelSize>0.2497</PixelSize>
	<TrackCenterPoint>756,220</TrackCenterPoint>
    <GPSCenterPoint>41.663591,-91.572249</GPSCenterPoint>
    <Rotation>-45</Rotation>

	<GreenMapName>Green-11.jpg</GreenMapName>
	<HeightMapName>H11.png</HeightMapName>
    <GreenMapPixelSize>0.04</GreenMapPixelSize>
    <GreenCenterPoint>496,535</GreenCenterPoint>
    <GreenImageSize>1000,1063</GreenImageSize>
    <LineHeight>0</LineHeight>
    <IsHasGreen>0</IsHasGreen>
</GolfTrack>

<GolfTrack>
	<MapImageName>Hole_12.jpg</MapImageName>
	<MapIndex>12</MapIndex>
	<NextMapIndex>13</NextMapIndex>
	<ImageSize>927,1648</ImageSize>
	<PixelSize>0.2497</PixelSize>
	<TrackCenterPoint>293,244</TrackCenterPoint>
    <GPSCenterPoint>41.663797,-91.568208</GPSCenterPoint>
    <Rotation>90</Rotation>
    
	<GreenMapName>Green-12.jpg</GreenMapName>
	<HeightMapName>H12.png</HeightMapName>
    <GreenMapPixelSize>0.04</GreenMapPixelSize>
    <GreenCenterPoint>538,515</GreenCenterPoint>
    <GreenImageSize>1000,1063</GreenImageSize>
    <LineHeight>0</LineHeight>
    <IsHasGreen>0</IsHasGreen>
</GolfTrack>

<GolfTrack>
	<MapImageName>Hole_13.jpg</MapImageName>
	<MapIndex>13</MapIndex>
	<NextMapIndex>14</NextMapIndex>
	<ImageSize>558,992</ImageSize>
	<PixelSize>0.2497</PixelSize>
	<TrackCenterPoint>307,195</TrackCenterPoint>
    <GPSCenterPoint>41.665838,-91.567925</GPSCenterPoint>
    <Rotation>0</Rotation>
    
	<GreenMapName>Green-13.jpg</GreenMapName>
	<HeightMapName>H13.png</HeightMapName>
    <GreenMapPixelSize>0.04</GreenMapPixelSize>
    <GreenCenterPoint>550,432</GreenCenterPoint>
    <GreenImageSize>1000,1063</GreenImageSize>
    <LineHeight>0</LineHeight>
    <IsHasGreen>0</IsHasGreen>
</GolfTrack>

<GolfTrack>
	<MapImageName>Hole_14.jpg</MapImageName>
	<MapIndex>14</MapIndex>
	<NextMapIndex>15</NextMapIndex>
	<ImageSize>1143,2032</ImageSize>
	<PixelSize>0.2497</PixelSize>
	<TrackCenterPoint>488,221</TrackCenterPoint>
    <GPSCenterPoint>41.662571,-91.562863</GPSCenterPoint>
    <Rotation>135</Rotation>
    
	<GreenMapName>Green-14.jpg</GreenMapName>
	<HeightMapName>H14.png</HeightMapName>
    <GreenMapPixelSize>0.04</GreenMapPixelSize>
    <GreenCenterPoint>548,471</GreenCenterPoint>
    <GreenImageSize>1000,1063</GreenImageSize>
    <LineHeight>0</LineHeight>
    <IsHasGreen>0</IsHasGreen>
</GolfTrack>

<GolfTrack>
	<MapImageName>Hole_15.jpg</MapImageName>
	<MapIndex>15</MapIndex>
	<NextMapIndex>16</NextMapIndex>
	<ImageSize>1224,2176</ImageSize>
	<PixelSize>0.2497</PixelSize>
	<TrackCenterPoint>616,230</TrackCenterPoint>
    <GPSCenterPoint>41.663784,-91.566985</GPSCenterPoint>
    <Rotation>-60</Rotation>
    
	<GreenMapName>Green-15.jpg</GreenMapName>
	<HeightMapName>H15.png</HeightMapName>
    <GreenMapPixelSize>0.04</GreenMapPixelSize>
    <GreenCenterPoint>460,571</GreenCenterPoint>
    <GreenImageSize>1000,1063</GreenImageSize>
    <LineHeight>0</LineHeight>
    <IsHasGreen>0</IsHasGreen>
</GolfTrack>

<GolfTrack>
	<MapImageName>Hole_16.jpg</MapImageName>
	<MapIndex>16</MapIndex>
	<NextMapIndex>17</NextMapIndex>
	<ImageSize>1107,1968</ImageSize>
	<PixelSize>0.2497</PixelSize>
	<TrackCenterPoint>619,248</TrackCenterPoint>
    <GPSCenterPoint>41.661233,-91.564836</GPSCenterPoint>
    <Rotation>135</Rotation>
    
	<GreenMapName>Green-16.jpg</GreenMapName>
	<HeightMapName>H16.png</HeightMapName>
    <GreenMapPixelSize>0.04</GreenMapPixelSize>
    <GreenCenterPoint>540,400</GreenCenterPoint>
    <GreenImageSize>1000,1063</GreenImageSize>
    <LineHeight>0</LineHeight>
    <IsHasGreen>0</IsHasGreen>
</GolfTrack>

<GolfTrack>						
	<MapImageName>Hole_17.jpg</MapImageName>
	<MapIndex>17</MapIndex>
	<NextMapIndex>18</NextMapIndex>
	<ImageSize>612,1088</ImageSize>
	<PixelSize>0.2497</PixelSize>
	<TrackCenterPoint>324,241</TrackCenterPoint>
    <GPSCenterPoint>41.661737,-91.563487</GPSCenterPoint>
    <Rotation>30</Rotation>
    
	<GreenMapName>Green-17.jpg</GreenMapName>
	<HeightMapName>H17.png</HeightMapName>
    <GreenMapPixelSize>0.04</GreenMapPixelSize>
    <GreenCenterPoint>520,574</GreenCenterPoint>
    <GreenImageSize>1000,1063</GreenImageSize>
    <LineHeight>0</LineHeight>
    <IsHasGreen>0</IsHasGreen>
</GolfTrack>

<GolfTrack>
	<MapImageName>Hole_18.jpg</MapImageName>
	<MapIndex>18</MapIndex>
	<NextMapIndex>-1</NextMapIndex>
	<ImageSize>1152,2048</ImageSize>
	<PixelSize>0.2497</PixelSize>
	<TrackCenterPoint>450,281</TrackCenterPoint>
    <GPSCenterPoint>41.658272,-91.563176</GPSCenterPoint>
    <Rotation>180</Rotation>
    
	<GreenMapName>Green-18.jpg</GreenMapName>
	<HeightMapName>H18.png</HeightMapName>
    <GreenMapPixelSize>0.04</GreenMapPixelSize>
    <GreenCenterPoint>474,532</GreenCenterPoint>
    <GreenImageSize>1000,1063</GreenImageSize>
    <LineHeight>0</LineHeight>
    <IsHasGreen>0</IsHasGreen>
</GolfTrack>
</GolfTracks>
