<?xml version="1.0" encoding="UTF-8" ?>
<GolfTracks>
<GolfTrack>
	<MapImageName>Hole_1.jpg</MapImageName>
	<MapIndex>1</MapIndex>
	<NextMapIndex>2</NextMapIndex>
	<IsBeginMap>1</IsBeginMap>
	<ImageSize>1206,2144</ImageSize>
	<PixelSize>0.2497</PixelSize>
	<TrackCenterPoint>607,266</TrackCenterPoint>
	<BlackTee>633,2018</BlackTee>
    <GoldTee>607,1954</GoldTee>
	<WhiteTee>632,1883</WhiteTee>
	<SearchMapName>1-searchMap.png</SearchMapName>
    <GPSCenterPoint>41.659572,-91.568045</GPSCenterPoint>
    <Rotation>-45</Rotation>
	<TrackKeyPoint>
		<Point>593,1494</Point>
		<Point>577,1198</Point>
		<Point>571,915</Point>
		<Point>555,578</Point>
		<Point>579,458</Point>
		<Point>613,343</Point>
	</TrackKeyPoint>
	<GreenMapName>Green-1.jpg</GreenMapName>
	<HeightMapName>H1.png</HeightMapName>
	<GreenMapPixelSize>0.04</GreenMapPixelSize>
	<GreenCenterPoint>487,584</GreenCenterPoint>
    <GreenImageSize>1000,1063</GreenImageSize>
    <LineHeight>0</LineHeight>
    <IsHasGreen>0</IsHasGreen>
    <GreenPartitions>
        <GreenPartition>
            <Point>303,156</Point>
            <Width>208</Width>
            <Height>538</Height>
        </GreenPartition>
        <GreenPartition>
            <Point>199,275</Point>
            <Width>455</Width>
            <Height>303</Height>
        </GreenPartition>
        <GreenPartition>
            <Point>510,359</Point>
            <Width>208</Width>
            <Height>538</Height>
        </GreenPartition>
        <GreenPartition>
            <Point>400,580</Point>
            <Width>418</Width>
            <Height>200</Height>
        </GreenPartition>
    </GreenPartitions>
</GolfTrack>

<GolfTrack>
	<MapImageName>Hole_2.jpg</MapImageName>
	<MapIndex>2</MapIndex>
	<NextMapIndex>3</NextMapIndex>
	<ImageSize>1386,2464</ImageSize>
	<PixelSize>0.2497</PixelSize>
	<TrackCenterPoint>744,258</TrackCenterPoint>
    <BlackTee>561,2283</BlackTee>
    <GoldTee>556,2228</GoldTee>
    <WhiteTee>552,2166</WhiteTee>
	<SearchMapName>2-searchMap.png</SearchMapName>
    <GPSCenterPoint>41.663020,-91.572526</GPSCenterPoint>
    <Rotation>-45</Rotation>
	<TrackKeyPoint>
		<Point>530,1813</Point>
		<Point>556,1540</Point>
		<Point>591,1231</Point>
		<Point>638,949</Point>
		<Point>632,705</Point>
		<Point>697,552</Point>
		<Point>718,473</Point>
        <Point>715,382</Point>
        <Point>718,323</Point>
        <Point>727,300</Point>
	</TrackKeyPoint>
	<GreenMapName>Green-2.jpg</GreenMapName>
	<HeightMapName>H2.png</HeightMapName>
    <GreenMapPixelSize>0.04</GreenMapPixelSize>
    <GreenCenterPoint>496,543</GreenCenterPoint>
    <GreenImageSize>1000,1063</GreenImageSize>
    <LineHeight>0</LineHeight>
    <IsHasGreen>0</IsHasGreen>
    <GreenPartitions>
        <GreenPartition>
            <Point>449,246</Point>
            <Width>179</Width>
            <Height>560</Height>
        </GreenPartition>
        <GreenPartition>
            <Point>388,314</Point>
            <Width>285</Width>
            <Height>433</Height>
        </GreenPartition>
        <GreenPartition>
            <Point>285,431</Point>
            <Width>431</Width>
            <Height>211</Height>
        </GreenPartition>
    </GreenPartitions>
</GolfTrack>

<GolfTrack>
	<MapImageName>Hole_3.jpg</MapImageName>
	<MapIndex>3</MapIndex>
	<NextMapIndex>4</NextMapIndex>
	<ImageSize>1134,2016</ImageSize>
	<PixelSize>0.2497</PixelSize>
	<TrackCenterPoint>602,256</TrackCenterPoint>
    <BlackTee>670,1872</BlackTee>
    <GoldTee>693,1772</GoldTee>
    <WhiteTee>680,1666</WhiteTee>
	<SearchMapName>3-searchMap.png</SearchMapName>
    <GPSCenterPoint>41.660073,-91.573045</GPSCenterPoint>
    <Rotation>180</Rotation>
	<TrackKeyPoint>
		<Point>529,1338</Point>
		<Point>478,1183</Point>
        <Point>468,1041</Point>
        <Point>500,857</Point>
        <Point>459,687</Point>
        <Point>472,609</Point>
        <Point>551,487</Point>
        <Point>584,357</Point>
        <Point>595,330</Point>
	</TrackKeyPoint>
	<GreenMapName>Green-3.jpg</GreenMapName>
	<HeightMapName>H3.png</HeightMapName>
    <GreenMapPixelSize>0.04</GreenMapPixelSize>
    <GreenCenterPoint>497,520</GreenCenterPoint>
    <GreenImageSize>1000,1063</GreenImageSize>
    <LineHeight>0</LineHeight>
    <IsHasGreen>0</IsHasGreen>
    <GreenPartitions>
        <GreenPartition>
            <Point>285,185</Point>
            <Width>403</Width>
            <Height>375</Height>
        </GreenPartition>
        <GreenPartition>
            <Point>329,329</Point>
            <Width>431</Width>
            <Height>430</Height>
        </GreenPartition>
        <GreenPartition>
            <Point>393,560</Point>
            <Width>275</Width>
            <Height>340</Height>
        </GreenPartition>
    </GreenPartitions>
</GolfTrack>

<GolfTrack>
	<MapImageName>Hole_4.jpg</MapImageName>
	<MapIndex>4</MapIndex>
	<NextMapIndex>5</NextMapIndex>
	<ImageSize>594,1056</ImageSize>
	<PixelSize>0.2497</PixelSize>
	<TrackCenterPoint>322,207</TrackCenterPoint>
    <BlackTee>241,950</BlackTee>
    <GoldTee>257,862</GoldTee>
    <WhiteTee>287,767</WhiteTee>
	<SearchMapName>4-searchMap.png</SearchMapName>
    <GPSCenterPoint>41.660195,-91.571654</GPSCenterPoint>
    <Rotation>45</Rotation>
	<TrackKeyPoint>		
		<Point>251,314</Point>
		<Point>277,261</Point>
	</TrackKeyPoint>
	<GreenMapName>Green-4.jpg</GreenMapName>
	<HeightMapName>H4.png</HeightMapName>
    <GreenMapPixelSize>0.04</GreenMapPixelSize>
    <GreenCenterPoint>545,548</GreenCenterPoint>
    <GreenImageSize>1000,1063</GreenImageSize>
    <LineHeight>0</LineHeight>
    <IsHasGreen>0</IsHasGreen>
    <GreenPartitions>
        <GreenPartition>
            <Point>508,254</Point>
            <Width>160</Width>
            <Height>171</Height>
        </GreenPartition>
        <GreenPartition>
            <Point>435,335</Point>
            <Width>310</Width>
            <Height>208</Height>
        </GreenPartition>
        <GreenPartition>
            <Point>315,425</Point>
            <Width>275</Width>
            <Height>278</Height>
        </GreenPartition>
        <GreenPartition>
            <Point>258,504</Point>
            <Width>410</Width>
            <Height>150</Height>
        </GreenPartition>
        <GreenPartition>
            <Point>334,656</Point>
            <Width>174</Width>
            <Height>136</Height>
        </GreenPartition>
    </GreenPartitions>
</GolfTrack>

<GolfTrack>
	<MapImageName>Hole_5.jpg</MapImageName>
	<MapIndex>5</MapIndex>
	<NextMapIndex>6</NextMapIndex>
	<ImageSize>1017,1808</ImageSize>
	<PixelSize>0.2497</PixelSize>
	<TrackCenterPoint>458,231</TrackCenterPoint>
    <BlackTee>547,1687</BlackTee>
    <GoldTee>548,1619</GoldTee>
    <WhiteTee>555,1552</WhiteTee>
	<SearchMapName>5-searchMap.png</SearchMapName>
    <GPSCenterPoint>41.657942,-91.573102</GPSCenterPoint>
    <Rotation>-135</Rotation>
	<TrackKeyPoint>
		<Point>479,1255</Point>
		<Point>472,1103</Point>
		<Point>489,993</Point>
		<Point>508,808</Point>
		<Point>516,616</Point>
		<Point>495,485</Point>
        <Point>444,369</Point>
        <Point>461,294</Point>
	</TrackKeyPoint>
	<GreenMapName>Green-5.jpg</GreenMapName>
	<HeightMapName>H5.png</HeightMapName>
    <GreenMapPixelSize>0.04</GreenMapPixelSize>
    <GreenCenterPoint>472,485</GreenCenterPoint>
    <GreenImageSize>1000,1063</GreenImageSize>
    <LineHeight>0</LineHeight>
    <IsHasGreen>0</IsHasGreen>
    <GreenPartitions>
        <GreenPartition>
            <Point>386,213</Point>
            <Width>160</Width>
            <Height>148</Height>
        </GreenPartition>
        <GreenPartition>
            <Point>308,270</Point>
            <Width>310</Width>
            <Height>305</Height>
        </GreenPartition>
        <GreenPartition>
            <Point>261,363</Point>
            <Width>450</Width>
            <Height>150</Height>
        </GreenPartition>
        <GreenPartition>
            <Point>368,514</Point>
            <Width>379</Width>
            <Height>178</Height>
        </GreenPartition>
        <GreenPartition>
            <Point>444,576</Point>
            <Width>216</Width>
            <Height>240</Height>
        </GreenPartition>
    </GreenPartitions>
</GolfTrack>

<GolfTrack>
	<MapImageName>Hole_6.jpg</MapImageName>
	<MapIndex>6</MapIndex>
	<NextMapIndex>7</NextMapIndex>
	<ImageSize>1350,2400</ImageSize>
	<PixelSize>0.2497</PixelSize>
	<TrackCenterPoint>612,235</TrackCenterPoint>
    <BlackTee>602,2303</BlackTee>
    <GoldTee>609,2207</GoldTee>
    <WhiteTee>623,2137</WhiteTee>
	<SearchMapName>6-searchMap.png</SearchMapName>
    <GPSCenterPoint>41.659293,-91.568661</GPSCenterPoint>
    <Rotation>60</Rotation>
    <TrackKeyPoint>
        <Point>692,1768</Point>
        <Point>703,1538</Point>
        <Point>716,1368</Point>
        <Point>673,1150</Point>
        <Point>617,981</Point>
        <Point>539,832</Point>
        <Point>556,636</Point>
        <Point>556,444</Point>
        <Point>572,336</Point>
        <Point>589,280</Point>
    </TrackKeyPoint>
	<GreenMapName>Green-6.jpg</GreenMapName>
	<HeightMapName>H6.png</HeightMapName>
    <GreenMapPixelSize>0.04</GreenMapPixelSize>
    <GreenCenterPoint>550,535</GreenCenterPoint>
    <GreenImageSize>1000,1063</GreenImageSize>
    <LineHeight>0</LineHeight>
    <IsHasGreen>0</IsHasGreen>
    <GreenPartitions>
        <GreenPartition>
            <Point>225,326</Point>
            <Width>83</Width>
            <Height>119</Height>
        </GreenPartition>
        <GreenPartition>
            <Point>308,378</Point>
            <Width>310</Width>
            <Height>284</Height>
        </GreenPartition>
        <GreenPartition>
            <Point>261,399</Point>
            <Width>526</Width>
            <Height>195</Height>
        </GreenPartition>
        <GreenPartition>
            <Point>620,345</Point>
            <Width>100</Width>
            <Height>349</Height>
        </GreenPartition>
        <GreenPartition>
            <Point>396,594</Point>
            <Width>221</Width>
            <Height>133</Height>
        </GreenPartition>
    </GreenPartitions>
</GolfTrack>

<GolfTrack>
	<MapImageName>Hole_7.jpg</MapImageName>
	<MapIndex>7</MapIndex>
	<NextMapIndex>8</NextMapIndex>
	<ImageSize>999,1776</ImageSize>
	<PixelSize>0.2497</PixelSize>
	<TrackCenterPoint>454,208</TrackCenterPoint>
    <BlackTee>604,1707</BlackTee>
    <GoldTee>596,1643</GoldTee>
    <WhiteTee>591,1581</WhiteTee>
	<SearchMapName>7-searchMap.png</SearchMapName>
    <GPSCenterPoint>41.663042,-91.568478</GPSCenterPoint>
    <Rotation>0</Rotation>
	<TrackKeyPoint>
		<Point>513,1243</Point>
		<Point>441,976</Point>
		<Point>424,718</Point>
		<Point>448,424</Point>
	</TrackKeyPoint>
	<GreenMapName>Green-7.jpg</GreenMapName>
	<HeightMapName>H7.png</HeightMapName>
    <GreenMapPixelSize>0.04</GreenMapPixelSize>
    <GreenCenterPoint>503,493</GreenCenterPoint>
    <GreenImageSize>1000,1063</GreenImageSize>
    <LineHeight>0</LineHeight>
    <IsHasGreen>0</IsHasGreen>
    <GreenPartitions>
        <GreenPartition>
            <Point>336,175</Point>
            <Width>310</Width>
            <Height>466</Height>
        </GreenPartition>
        <GreenPartition>
            <Point>274,246</Point>
            <Width>440</Width>
            <Height>241</Height>
        </GreenPartition>
        <GreenPartition>
            <Point>393,488</Point>
            <Width>283</Width>
            <Height>286</Height>
        </GreenPartition>
        <GreenPartition>
            <Point>428,641</Point>
            <Width>178</Width>
            <Height>224</Height>
        </GreenPartition>
    </GreenPartitions>
</GolfTrack>

<GolfTrack>
	<MapImageName>Hole_8.jpg</MapImageName>
	<MapIndex>8</MapIndex>
	<NextMapIndex>9</NextMapIndex>
	<ImageSize>639,1136</ImageSize>
	<PixelSize>0.2497</PixelSize>
	<TrackCenterPoint>337,210</TrackCenterPoint>
    <BlackTee>288,1012</BlackTee>
    <GoldTee>259,951</GoldTee>
    <WhiteTee>203,868</WhiteTee>
	<SearchMapName>8-searchMap.png</SearchMapName>
    <GPSCenterPoint>41.661794,-91.566358</GPSCenterPoint>
    <Rotation>135</Rotation>
	<TrackKeyPoint>
		<Point>267,480</Point>
		<Point>254,359</Point>
		<Point>288,287</Point>
	</TrackKeyPoint>
	<GreenMapName>Green-8.jpg</GreenMapName>
	<HeightMapName>H8.png</HeightMapName>
    <GreenMapPixelSize>0.04</GreenMapPixelSize>
    <GreenCenterPoint>452,426</GreenCenterPoint>
    <GreenImageSize>1000,1063</GreenImageSize>
    <LineHeight>0</LineHeight>
    <IsHasGreen>0</IsHasGreen>
    <GreenPartitions>
        <GreenPartition>
            <Point>271,198</Point>
            <Width>561</Width>
            <Height>181</Height>
        </GreenPartition>
        <GreenPartition>
            <Point>233,413</Point>
            <Width>486</Width>
            <Height>135</Height>
        </GreenPartition>
        <GreenPartition>
            <Point>166,514</Point>
            <Width>390</Width>
            <Height>150</Height>
        </GreenPartition>
        <GreenPartition>
            <Point>205,664</Point>
            <Width>223</Width>
            <Height>215</Height>
        </GreenPartition>
    </GreenPartitions>
</GolfTrack>

<GolfTrack>	
	<MapImageName>Hole_9.jpg</MapImageName>
	<MapIndex>9</MapIndex>
	<NextMapIndex>10</NextMapIndex>
	<ImageSize>1170,2080</ImageSize>
	<PixelSize>0.2497</PixelSize>
	<TrackCenterPoint>712,273</TrackCenterPoint>
    <BlackTee>512,1982</BlackTee>
    <GoldTee>344,1863</GoldTee>
    <WhiteTee>209,1461</WhiteTee>
	<SearchMapName>9-searchMap.png</SearchMapName>
    <GPSCenterPoint>41.658310,-91.564097</GPSCenterPoint>
    <Rotation>135</Rotation>
	<TrackKeyPoint>
		<Point>337,1355</Point>
		<Point>351,1171</Point>
		<Point>454,988</Point>
		<Point>500,757</Point>
		<Point>520,590</Point>
		<Point>600,491</Point>
        <Point>662,350</Point>
	</TrackKeyPoint>
	<GreenMapName>Green-9.jpg</GreenMapName>
	<HeightMapName>H9.png</HeightMapName>
    <GreenMapPixelSize>0.04</GreenMapPixelSize>
    <GreenCenterPoint>520,520</GreenCenterPoint>
    <GreenImageSize>1000,1063</GreenImageSize>
    <LineHeight>0</LineHeight>
    <IsHasGreen>0</IsHasGreen>
    <GreenPartitions>
        <GreenPartition>
            <Point>489,146</Point>
            <Width>199</Width>
            <Height>518</Height>
        </GreenPartition>
        <GreenPartition>
            <Point>428,236</Point>
            <Width>358</Width>
            <Height>344</Height>
        </GreenPartition>
        <GreenPartition>
            <Point>344,370</Point>
            <Width>289</Width>
            <Height>383</Height>
        </GreenPartition>
        <GreenPartition>
            <Point>236,559</Point>
            <Width>191</Width>
            <Height>375</Height>
        </GreenPartition>
        <GreenPartition>
            <Point>159,664</Point>
            <Width>368</Width>
            <Height>224</Height>
        </GreenPartition>
    </GreenPartitions>
</GolfTrack>

<GolfTrack>
	<MapImageName>Hole_10.jpg</MapImageName>
	<MapIndex>10</MapIndex>
	<NextMapIndex>11</NextMapIndex>
	<ImageSize>1152,2048</ImageSize>
	<PixelSize>0.2497</PixelSize>
	<TrackCenterPoint>493,279</TrackCenterPoint>
    <BlackTee>512,1953</BlackTee>
    <GoldTee>552,1784</GoldTee>
    <WhiteTee>611,1669</WhiteTee>
	<SearchMapName>10-searchMap.png</SearchMapName>
    <GPSCenterPoint>41.659907,-91.567489</GPSCenterPoint>
    <Rotation>-45</Rotation>
	<TrackKeyPoint>
		<Point>654,1336</Point>
		<Point>730,1002</Point>
		<Point>724,909</Point>
		<Point>692,749</Point>
		<Point>682,649</Point>
		<Point>623,506</Point>
        <Point>584,376</Point>
        <Point>524,318</Point>
	</TrackKeyPoint>
	<GreenMapName>Green-10.jpg</GreenMapName>
	<HeightMapName>H10.png</HeightMapName>
    <GreenMapPixelSize>0.04</GreenMapPixelSize>
    <GreenCenterPoint>451,550</GreenCenterPoint>
    <GreenImageSize>1000,1063</GreenImageSize>
    <LineHeight>0</LineHeight>
    <IsHasGreen>0</IsHasGreen>
    <GreenPartitions>
        <GreenPartition>
            <Point>489,159</Point>
            <Width>199</Width>
            <Height>490</Height>
        </GreenPartition>
        <GreenPartition>
            <Point>393,236</Point>
            <Width>404</Width>
            <Height>261</Height>
        </GreenPartition>
        <GreenPartition>
            <Point>320,328</Point>
            <Width>309</Width>
            <Height>400</Height>
        </GreenPartition>
        <GreenPartition>
            <Point>265,413</Point>
            <Width>223</Width>
            <Height>475</Height>
        </GreenPartition>
        <GreenPartition>
            <Point>194,498</Point>
            <Width>379</Width>
            <Height>283</Height>
        </GreenPartition>
    </GreenPartitions>
</GolfTrack>

<GolfTrack>
	<MapImageName>Hole_11.jpg</MapImageName>
	<MapIndex>11</MapIndex>
	<NextMapIndex>12</NextMapIndex>
	<ImageSize>1413,2512</ImageSize>
	<PixelSize>0.2497</PixelSize>
	<TrackCenterPoint>756,220</TrackCenterPoint>
    <BlackTee>426,2411</BlackTee>
    <GoldTee>443,2344</GoldTee>
    <WhiteTee>471,2279</WhiteTee>
	<SearchMapName>11-searchMap.png</SearchMapName>
    <GPSCenterPoint>41.663591,-91.572249</GPSCenterPoint>
    <Rotation>-45</Rotation>
	<TrackKeyPoint>
		<Point>663,1799</Point>
		<Point>770,1537</Point>
		<Point>823,1285</Point>
		<Point>821,1067</Point>
		<Point>840,795</Point>
		<Point>816,581</Point>
		<Point>826,456</Point>
        <Point>778,360</Point>
        <Point>762,310</Point>
        <Point>756,268</Point>
	</TrackKeyPoint>
	<GreenMapName>Green-11.jpg</GreenMapName>
	<HeightMapName>H11.png</HeightMapName>
    <GreenMapPixelSize>0.04</GreenMapPixelSize>
    <GreenCenterPoint>496,535</GreenCenterPoint>
    <GreenImageSize>1000,1063</GreenImageSize>
    <LineHeight>0</LineHeight>
    <IsHasGreen>0</IsHasGreen>
    <GreenPartitions>
        <GreenPartition>
            <Point>459,256</Point>
            <Width>216</Width>
            <Height>378</Height>
        </GreenPartition>
        <GreenPartition>
            <Point>368,313</Point>
            <Width>369</Width>
            <Height>204</Height>
        </GreenPartition>
        <GreenPartition>
            <Point>305,401</Point>
            <Width>268</Width>
            <Height>391</Height>
        </GreenPartition>
        <GreenPartition>
            <Point>253,518</Point>
            <Width>206</Width>
            <Height>196</Height>
        </GreenPartition>
    </GreenPartitions>
</GolfTrack>

<GolfTrack>
	<MapImageName>Hole_12.jpg</MapImageName>
	<MapIndex>12</MapIndex>
	<NextMapIndex>13</NextMapIndex>
	<ImageSize>927,1648</ImageSize>
	<PixelSize>0.2497</PixelSize>
	<TrackCenterPoint>293,244</TrackCenterPoint>
    <BlackTee>192,1498</BlackTee>
    <GoldTee>310,1351</GoldTee>
    <WhiteTee>398,1251</WhiteTee>
	<SearchMapName>12-searchMap.png</SearchMapName>
    <GPSCenterPoint>41.663797,-91.568208</GPSCenterPoint>
    <Rotation>90</Rotation>
	<TrackKeyPoint>
		<Point>443,1151</Point>
		<Point>601,913</Point>
        <Point>619,803</Point>
        <Point>576,699</Point>
        <Point>475,601</Point>
        <Point>415,459</Point>
        <Point>346,347</Point>
        <Point>314,293</Point>
	</TrackKeyPoint>
	<GreenMapName>Green-12.jpg</GreenMapName>
	<HeightMapName>H12.png</HeightMapName>
    <GreenMapPixelSize>0.04</GreenMapPixelSize>
    <GreenCenterPoint>538,515</GreenCenterPoint>
    <GreenImageSize>1000,1063</GreenImageSize>
    <LineHeight>0</LineHeight>
    <IsHasGreen>0</IsHasGreen>
    <GreenPartitions>
        <GreenPartition>
            <Point>413,213</Point>
            <Width>216</Width>
            <Height>403</Height>
        </GreenPartition>
        <GreenPartition>
            <Point>349,303</Point>
            <Width>370</Width>
            <Height>220</Height>
        </GreenPartition>
        <GreenPartition>
            <Point>308,523</Point>
            <Width>178</Width>
            <Height>316</Height>
        </GreenPartition>
        <GreenPartition>
            <Point>485,523</Point>
            <Width>173</Width>
            <Height>185</Height>
        </GreenPartition>
        <GreenPartition>
            <Point>266,615</Point>
            <Width>306</Width>
            <Height>165</Height>
        </GreenPartition>
    </GreenPartitions>
</GolfTrack>

<GolfTrack>
	<MapImageName>Hole_13.jpg</MapImageName>
	<MapIndex>13</MapIndex>
	<NextMapIndex>14</NextMapIndex>
	<ImageSize>558,992</ImageSize>
	<PixelSize>0.2497</PixelSize>
	<TrackCenterPoint>307,195</TrackCenterPoint>
    <BlackTee>191,875</BlackTee>
    <GoldTee>202,800</GoldTee>
    <WhiteTee>312,545</WhiteTee>
	<SearchMapName>13-searchMap.png</SearchMapName>
    <GPSCenterPoint>41.665838,-91.567925</GPSCenterPoint>
    <Rotation>0</Rotation>
	<TrackKeyPoint>
		<Point>306,459</Point>
		<Point>315,293</Point>
	</TrackKeyPoint>
	<GreenMapName>Green-13.jpg</GreenMapName>
	<HeightMapName>H13.png</HeightMapName>
    <GreenMapPixelSize>0.04</GreenMapPixelSize>
    <GreenCenterPoint>550,432</GreenCenterPoint>
    <GreenImageSize>1000,1063</GreenImageSize>
    <LineHeight>0</LineHeight>
    <IsHasGreen>0</IsHasGreen>
    <GreenPartitions>
        <GreenPartition>
            <Point>423,139</Point>
            <Width>216</Width>
            <Height>744</Height>
        </GreenPartition>
        <GreenPartition>
            <Point>305,189</Point>
            <Width>434</Width>
            <Height>490</Height>
        </GreenPartition>
        <GreenPartition>
            <Point>209,270</Point>
            <Width>594</Width>
            <Height>241</Height>
        </GreenPartition>
    </GreenPartitions>
</GolfTrack>

<GolfTrack>
	<MapImageName>Hole_14.jpg</MapImageName>
	<MapIndex>14</MapIndex>
	<NextMapIndex>15</NextMapIndex>
	<ImageSize>1143,2032</ImageSize>
	<PixelSize>0.2497</PixelSize>
	<TrackCenterPoint>488,221</TrackCenterPoint>
    <BlackTee>579,1906</BlackTee>
    <GoldTee>614,1619</GoldTee>
    <WhiteTee>590,1427</WhiteTee>
	<SearchMapName>14-searchMap.png</SearchMapName>
    <GPSCenterPoint>41.662571,-91.562863</GPSCenterPoint>
    <Rotation>135</Rotation>
	<TrackKeyPoint>
		<Point>567,1055</Point>
		<Point>526,745</Point>
		<Point>494,489</Point>
		<Point>465,363</Point>
		<Point>485,299</Point>
	</TrackKeyPoint>
	<GreenMapName>Green-14.jpg</GreenMapName>
	<HeightMapName>H14.png</HeightMapName>
    <GreenMapPixelSize>0.04</GreenMapPixelSize>
    <GreenCenterPoint>548,471</GreenCenterPoint>
    <GreenImageSize>1000,1063</GreenImageSize>
    <LineHeight>0</LineHeight>
    <IsHasGreen>0</IsHasGreen>
    <GreenPartitions>
        <GreenPartition>
            <Point>280,183</Point>
            <Width>263</Width>
            <Height>411</Height>
        </GreenPartition>
        <GreenPartition>
            <Point>191,224</Point>
            <Width>414</Width>
            <Height>241</Height>
        </GreenPartition>
        <GreenPartition>
            <Point>543,313</Point>
            <Width>148</Width>
            <Height>283</Height>
        </GreenPartition>
        <GreenPartition>
            <Point>389,466</Point>
            <Width>354</Width>
            <Height>218</Height>
        </GreenPartition>
        <GreenPartition>
            <Point>470,594</Point>
            <Width>350</Width>
            <Height>191</Height>
        </GreenPartition>
        <GreenPartition>
            <Point>543,684</Point>
            <Width>229</Width>
            <Height>200</Height>
        </GreenPartition>
    </GreenPartitions>
</GolfTrack>

<GolfTrack>
	<MapImageName>Hole_15.jpg</MapImageName>
	<MapIndex>15</MapIndex>
	<NextMapIndex>16</NextMapIndex>
	<ImageSize>1224,2176</ImageSize>
	<PixelSize>0.2497</PixelSize>
	<TrackCenterPoint>616,230</TrackCenterPoint>
    <BlackTee>640,2078</BlackTee>
    <GoldTee>644,2005</GoldTee>
    <WhiteTee>663,1834</WhiteTee>
	<SearchMapName>15-searchMap.png</SearchMapName>
    <GPSCenterPoint>41.663784,-91.566985</GPSCenterPoint>
    <Rotation>-60</Rotation>
	<TrackKeyPoint>
		<Point>582,1514</Point>
		<Point>554,1334</Point>
        <Point>580,975</Point>
        <Point>592,735</Point>
        <Point>546,618</Point>
        <Point>543,554</Point>
        <Point>581,465</Point>
        <Point>618,379</Point>
        <Point>629,338</Point>
        <Point>621,292</Point>
	</TrackKeyPoint>
	<GreenMapName>Green-15.jpg</GreenMapName>
	<HeightMapName>H15.png</HeightMapName>
    <GreenMapPixelSize>0.04</GreenMapPixelSize>
    <GreenCenterPoint>460,571</GreenCenterPoint>
    <GreenImageSize>1000,1063</GreenImageSize>
    <LineHeight>0</LineHeight>
    <IsHasGreen>0</IsHasGreen>
    <GreenPartitions>
        <GreenPartition>
            <Point>440,166</Point>
            <Width>180</Width>
            <Height>399</Height>
        </GreenPartition>
        <GreenPartition>
            <Point>351,249</Point>
            <Width>339</Width>
            <Height>318</Height>
        </GreenPartition>
        <GreenPartition>
            <Point>299,376</Point>
            <Width>455</Width>
            <Height>189</Height>
        </GreenPartition>
        <GreenPartition>
            <Point>231,523</Point>
            <Width>489</Width>
            <Height>198</Height>
        </GreenPartition>
        <GreenPartition>
            <Point>299,566</Point>
            <Width>368</Width>
            <Height>228</Height>
        </GreenPartition>
        <GreenPartition>
            <Point>375,565</Point>
            <Width>223</Width>
            <Height>314</Height>
        </GreenPartition>
    </GreenPartitions>
</GolfTrack>

<GolfTrack>
	<MapImageName>Hole_16.jpg</MapImageName>
	<MapIndex>16</MapIndex>
	<NextMapIndex>17</NextMapIndex>
	<ImageSize>1107,1968</ImageSize>
	<PixelSize>0.2497</PixelSize>
	<TrackCenterPoint>619,248</TrackCenterPoint>
    <BlackTee>509,1824</BlackTee>
    <GoldTee>503,1715</GoldTee>
    <WhiteTee>485,1574</WhiteTee>
	<SearchMapName>16-searchMap.png</SearchMapName>
    <GPSCenterPoint>41.661233,-91.564836</GPSCenterPoint>
    <Rotation>135</Rotation>
	<TrackKeyPoint>
		<Point>479,1336</Point>
		<Point>488,1096</Point>
		<Point>453,896</Point>
		<Point>464,758</Point>
		<Point>550,514</Point>
		<Point>570,397</Point>
		<Point>585,330</Point>
	</TrackKeyPoint>
	<GreenMapName>Green-16.jpg</GreenMapName>
	<HeightMapName>H16.png</HeightMapName>
    <GreenMapPixelSize>0.04</GreenMapPixelSize>
    <GreenCenterPoint>540,400</GreenCenterPoint>
    <GreenImageSize>1000,1063</GreenImageSize>
    <LineHeight>0</LineHeight>
    <IsHasGreen>0</IsHasGreen>
    <GreenPartitions>
        <GreenPartition>
            <Point>163,441</Point>
            <Width>194</Width>
            <Height>318</Height>
        </GreenPartition>
        <GreenPartition>
            <Point>228,296</Point>
            <Width>229</Width>
            <Height>519</Height>
        </GreenPartition>
        <GreenPartition>
            <Point>356,215</Point>
            <Width>270</Width>
            <Height>260</Height>
        </GreenPartition>
        <GreenPartition>
            <Point>356,475</Point>
            <Width>270</Width>
            <Height>248</Height>
        </GreenPartition>
        <GreenPartition>
            <Point>626,283</Point>
            <Width>129</Width>
            <Height>373</Height>
        </GreenPartition>
        <GreenPartition>
            <Point>381,370</Point>
            <Width>385</Width>
            <Height>243</Height>
        </GreenPartition>
    </GreenPartitions>
</GolfTrack>

<GolfTrack>						
	<MapImageName>Hole_17.jpg</MapImageName>
	<MapIndex>17</MapIndex>
	<NextMapIndex>18</NextMapIndex>
	<ImageSize>612,1088</ImageSize>
	<PixelSize>0.2497</PixelSize>
	<TrackCenterPoint>324,241</TrackCenterPoint>
    <BlackTee>230,914</BlackTee>
    <GoldTee>255,814</GoldTee>
    <WhiteTee>336,690</WhiteTee>
    <SearchMapName>17-searchMap.png</SearchMapName>
    <GPSCenterPoint>41.661737,-91.563487</GPSCenterPoint>
    <Rotation>30</Rotation>
	<TrackKeyPoint>
		<Point>323,413</Point>
		<Point>319,316</Point>
	</TrackKeyPoint>
	<GreenMapName>Green-17.jpg</GreenMapName>
	<HeightMapName>H17.png</HeightMapName>
    <GreenMapPixelSize>0.04</GreenMapPixelSize>
    <GreenCenterPoint>520,574</GreenCenterPoint>
    <GreenImageSize>1000,1063</GreenImageSize>
    <LineHeight>0</LineHeight>
    <IsHasGreen>0</IsHasGreen>
    <GreenPartitions>
        <GreenPartition>
            <Point>411,125</Point>
            <Width>218</Width>
            <Height>211</Height>
        </GreenPartition>
        <GreenPartition>
            <Point>325,215</Point>
            <Width>143</Width>
            <Height>719</Height>
        </GreenPartition>
        <GreenPartition>
            <Point>468,215</Point>
            <Width>246</Width>
            <Height>281</Height>
        </GreenPartition>
        <GreenPartition>
            <Point>271,336</Point>
            <Width>491</Width>
            <Height>299</Height>
        </GreenPartition>
        <GreenPartition>
            <Point>468,496</Point>
            <Width>193</Width>
            <Height>278</Height>
        </GreenPartition>
        <GreenPartition>
            <Point>236,635</Point>
            <Width>321</Width>
            <Height>220</Height>
        </GreenPartition>
    </GreenPartitions>
</GolfTrack>

<GolfTrack>
	<MapImageName>Hole_18.jpg</MapImageName>
	<MapIndex>18</MapIndex>
	<NextMapIndex>-1</NextMapIndex>
	<ImageSize>1152,2048</ImageSize>
	<PixelSize>0.2497</PixelSize>
	<TrackCenterPoint>450,281</TrackCenterPoint>
    <BlackTee>317,1931</BlackTee>
    <GoldTee>357,1854</GoldTee>
    <WhiteTee>418,1777</WhiteTee>
	<SearchMapName>18-searchMap.png</SearchMapName>
    <GPSCenterPoint>41.658272,-91.563176</GPSCenterPoint>
    <Rotation>180</Rotation>
	<TrackKeyPoint>
		<Point>521,1535</Point>
		<Point>625,1343</Point>
		<Point>711,1222</Point>
		<Point>714,1047</Point>
		<Point>652,857</Point>
		<Point>598,629</Point>
		<Point>536,460</Point>
        <Point>511,372</Point>
	</TrackKeyPoint>
	<GreenMapName>Green-18.jpg</GreenMapName>
	<HeightMapName>H18.png</HeightMapName>
    <GreenMapPixelSize>0.04</GreenMapPixelSize>
    <GreenCenterPoint>474,532</GreenCenterPoint>
    <GreenImageSize>1000,1063</GreenImageSize>
    <LineHeight>0</LineHeight>
    <IsHasGreen>0</IsHasGreen>
    <GreenPartitions>
        <GreenPartition>
            <Point>133,220</Point>
            <Width>388</Width>
            <Height>344</Height>
        </GreenPartition>
        <GreenPartition>
            <Point>255,134</Point>
            <Width>198</Width>
            <Height>516</Height>
        </GreenPartition>
        <GreenPartition>
            <Point>390,368</Point>
            <Width>266</Width>
            <Height>374</Height>
        </GreenPartition>
        <GreenPartition>
            <Point>576,473</Point>
            <Width>193</Width>
            <Height>449</Height>
        </GreenPartition>
        <GreenPartition>
            <Point>519,565</Point>
            <Width>365</Width>
            <Height>279</Height>
        </GreenPartition>
    </GreenPartitions>
</GolfTrack>
</GolfTracks>
