<?xml version="1.0" encoding="UTF-8"?>
<GolfMapInformation version="1.0">
    <MapInformation>
        <Index>1</Index>
        <Name>1-searchMap.png</Name>
        <BlackTee>434,1723</BlackTee>
        <WhiteTee/>
        <GoldTee>492,1968</GoldTee>
        <BlueTee>446,1865</BlueTee>
        <RedTee>410,1538</RedTee>
        <TrackPoint>
            <Point>440,1317</Point>
            <Point>434,1217</Point>
            <Point>434,1117</Point>
            <Point>453,1017</Point>
            <Point>489,917</Point>
            <Point>517,817</Point>
            <Point>549,717</Point>
            <Point>591,617</Point>
            <Point>674,517</Point>
        </TrackPoint>
        <BunkerPoints>
            <BunkerPoint>
                <DirType>down</DirType>
                <Point>686,409</Point>
            </BunkerPoint>
            <BunkerPoint>
                <DirType>left</DirType>
                <Point>710,391</Point>
            </BunkerPoint>
            <BunkerPoint>
                <DirType>right</DirType>
                <Point>648,371</Point>
            </BunkerPoint>
            <BunkerPoint>
                <DirType>up</DirType>
                <Point>662,356</Point>
            </BunkerPoint>
        </BunkerPoints>
        <WaterPoint>
            <Point>263,676</Point>
            <Point>245,601</Point>
            <Point>400,601</Point>
            <Point>298,526</Point>
            <Point>438,526</Point>
            <Point>361,451</Point>
            <Point>439,451</Point>
            <Point>382,376</Point>
            <Point>458,376</Point>
        </WaterPoint>
    </MapInformation>
    <MapInformation>
        <Index>2</Index>
        <Name>2-searchMap.png</Name>
        <BlackTee>568,1549</BlackTee>
        <WhiteTee/>
        <GoldTee>648,1814</GoldTee>
        <BlueTee>621,1696</BlueTee>
        <RedTee>497,1337</RedTee>
        <TrackPoint>
            <Point>603,1282</Point>
            <Point>578,1182</Point>
            <Point>583,1082</Point>
            <Point>578,982</Point>
            <Point>584,882</Point>
            <Point>559,782</Point>
            <Point>569,682</Point>
            <Point>539,582</Point>
            <Point>484,482</Point>
            <Point>480,382</Point>
        </TrackPoint>
        <BunkerPoints>
            <BunkerPoint>
                <DirType>down</DirType>
                <Point>461,862</Point>
            </BunkerPoint>
            <BunkerPoint>
                <DirType>right</DirType>
                <Point>437,845</Point>
            </BunkerPoint>
            <BunkerPoint>
                <DirType>left</DirType>
                <Point>484,837</Point>
            </BunkerPoint>
            <BunkerPoint>
                <DirType>down</DirType>
                <Point>673,835</Point>
            </BunkerPoint>
            <BunkerPoint>
                <DirType>right</DirType>
                <Point>655,811</Point>
            </BunkerPoint>
            <BunkerPoint>
                <DirType>left</DirType>
                <Point>723,794</Point>
            </BunkerPoint>
            <BunkerPoint>
                <DirType>up</DirType>
                <Point>458,769</Point>
            </BunkerPoint>
            <BunkerPoint>
                <DirType>up</DirType>
                <Point>707,748</Point>
            </BunkerPoint>
            <BunkerPoint>
                <DirType>down</DirType>
                <Point>401,728</Point>
            </BunkerPoint>
            <BunkerPoint>
                <DirType>right</DirType>
                <Point>375,709</Point>
            </BunkerPoint>
            <BunkerPoint>
                <DirType>left</DirType>
                <Point>429,687</Point>
            </BunkerPoint>
            <BunkerPoint>
                <DirType>up</DirType>
                <Point>395,641</Point>
            </BunkerPoint>
        </BunkerPoints>
        <WaterPoint>
            <Point>778,1935</Point>
            <Point>719,1860</Point>
            <Point>797,1860</Point>
            <Point>723,1785</Point>
            <Point>836,1785</Point>
            <Point>709,1710</Point>
            <Point>803,1710</Point>
            <Point>670,1635</Point>
            <Point>748,1635</Point>
            <Point>1025,573</Point>
            <Point>918,498</Point>
            <Point>1002,498</Point>
            <Point>842,423</Point>
            <Point>978,423</Point>
            <Point>753,348</Point>
            <Point>918,348</Point>
            <Point>751,273</Point>
            <Point>821,273</Point>
            <Point>732,198</Point>
            <Point>792,198</Point>
        </WaterPoint>
    </MapInformation>
    <MapInformation>
        <Index>3</Index>
        <Name>3-searchMap.png</Name>
        <BlackTee>477,1522</BlackTee>
        <WhiteTee/>
        <GoldTee>569,1895</GoldTee>
        <BlueTee>505,1723</BlueTee>
        <RedTee>417,1309</RedTee>
        <TrackPoint>
            <Point>420,1124</Point>
            <Point>459,1024</Point>
            <Point>473,924</Point>
            <Point>507,824</Point>
            <Point>531,724</Point>
            <Point>544,624</Point>
            <Point>584,524</Point>
            <Point>550,424</Point>
            <Point>576,324</Point>
        </TrackPoint>
        <BunkerPoints>
            <BunkerPoint>
                <DirType>down</DirType>
                <Point>565,1016</Point>
            </BunkerPoint>
            <BunkerPoint>
                <DirType>right</DirType>
                <Point>559,995</Point>
            </BunkerPoint>
            <BunkerPoint>
                <DirType>left</DirType>
                <Point>628,907</Point>
            </BunkerPoint>
            <BunkerPoint>
                <DirType>up</DirType>
                <Point>615,889</Point>
            </BunkerPoint>
            <BunkerPoint>
                <DirType>down</DirType>
                <Point>527,317</Point>
            </BunkerPoint>
            <BunkerPoint>
                <DirType>right</DirType>
                <Point>514,284</Point>
            </BunkerPoint>
            <BunkerPoint>
                <DirType>left</DirType>
                <Point>584,278</Point>
            </BunkerPoint>
            <BunkerPoint>
                <DirType>up</DirType>
                <Point>549,237</Point>
            </BunkerPoint>
            <BunkerPoint>
                <DirType>down</DirType>
                <Point>663,183</Point>
            </BunkerPoint>
            <BunkerPoint>
                <DirType>right</DirType>
                <Point>646,164</Point>
            </BunkerPoint>
            <BunkerPoint>
                <DirType>left</DirType>
                <Point>698,135</Point>
            </BunkerPoint>
            <BunkerPoint>
                <DirType>up</DirType>
                <Point>668,126</Point>
            </BunkerPoint>
        </BunkerPoints>
        <WaterPoint>
            <Point>697,687</Point>
            <Point>677,612</Point>
            <Point>766,612</Point>
            <Point>692,537</Point>
            <Point>800,537</Point>
            <Point>674,462</Point>
            <Point>793,462</Point>
            <Point>624,387</Point>
            <Point>767,387</Point>
            <Point>638,312</Point>
            <Point>777,312</Point>
            <Point>737,237</Point>
        </WaterPoint>
    </MapInformation>
    <MapInformation>
        <Index>4</Index>
        <Name>4-searchMap.png</Name>
        <BlackTee>421,1308</BlackTee>
        <WhiteTee/>
        <GoldTee>475,1551</GoldTee>
        <BlueTee>450,1441</BlueTee>
        <RedTee>419,998</RedTee>
        <TrackPoint>
            <Point>497,756</Point>
            <Point>499,656</Point>
            <Point>481,556</Point>
            <Point>473,456</Point>
            <Point>443,356</Point>
        </TrackPoint>
        <BunkerPoints>
            <BunkerPoint>
                <DirType>down</DirType>
                <Point>416,659</Point>
            </BunkerPoint>
            <BunkerPoint>
                <DirType>right</DirType>
                <Point>370,626</Point>
            </BunkerPoint>
            <BunkerPoint>
                <DirType>left</DirType>
                <Point>434,621</Point>
            </BunkerPoint>
            <BunkerPoint>
                <DirType>up</DirType>
                <Point>387,596</Point>
            </BunkerPoint>
            <BunkerPoint>
                <DirType>down</DirType>
                <Point>504,370</Point>
            </BunkerPoint>
            <BunkerPoint>
                <DirType>right</DirType>
                <Point>482,353</Point>
            </BunkerPoint>
            <BunkerPoint>
                <DirType>left</DirType>
                <Point>547,351</Point>
            </BunkerPoint>
            <BunkerPoint>
                <DirType>up</DirType>
                <Point>518,330</Point>
            </BunkerPoint>
            <BunkerPoint>
                <DirType>down</DirType>
                <Point>439,303</Point>
            </BunkerPoint>
            <BunkerPoint>
                <DirType>left</DirType>
                <Point>447,283</Point>
            </BunkerPoint>
            <BunkerPoint>
                <DirType>right</DirType>
                <Point>386,273</Point>
            </BunkerPoint>
            <BunkerPoint>
                <DirType>up</DirType>
                <Point>405,250</Point>
            </BunkerPoint>
            <BunkerPoint>
                <DirType>down</DirType>
                <Point>441,163</Point>
            </BunkerPoint>
            <BunkerPoint>
                <DirType>right</DirType>
                <Point>427,155</Point>
            </BunkerPoint>
            <BunkerPoint>
                <DirType>left</DirType>
                <Point>487,134</Point>
            </BunkerPoint>
            <BunkerPoint>
                <DirType>up</DirType>
                <Point>447,125</Point>
            </BunkerPoint>
        </BunkerPoints>
        <WaterPoint>
            <Point>539,1660</Point>
            <Point>518,1585</Point>
            <Point>650,1585</Point>
            <Point>540,1510</Point>
            <Point>676,1510</Point>
            <Point>508,1435</Point>
            <Point>639,1435</Point>
            <Point>500,1360</Point>
            <Point>608,1360</Point>
            <Point>526,1285</Point>
            <Point>618,1285</Point>
            <Point>563,1210</Point>
            <Point>633,1210</Point>
        </WaterPoint>
    </MapInformation>
    <MapInformation>
        <Index>5</Index>
        <Name>5-searchMap.png</Name>
        <BlackTee>254,776</BlackTee>
        <WhiteTee/>
        <GoldTee>197,950</GoldTee>
        <BlueTee>221,873</BlueTee>
        <RedTee>315,675</RedTee>
        <TrackPoint>
            <Point>350,464</Point>
            <Point>350,364</Point>
        </TrackPoint>
        <BunkerPoints>
            <BunkerPoint>
                <DirType>down</DirType>
                <Point>192,214</Point>
            </BunkerPoint>
            <BunkerPoint>
                <DirType>right</DirType>
                <Point>176,170</Point>
            </BunkerPoint>
            <BunkerPoint>
                <DirType>left</DirType>
                <Point>229,143</Point>
            </BunkerPoint>
            <BunkerPoint>
                <DirType>up</DirType>
                <Point>215,132</Point>
            </BunkerPoint>
        </BunkerPoints>
        <WaterPoint>
            <Point>198,733</Point>
            <Point>177,658</Point>
            <Point>251,658</Point>
            <Point>215,583</Point>
            <Point>331,583</Point>
            <Point>179,508</Point>
            <Point>296,508</Point>
            <Point>190,433</Point>
            <Point>288,433</Point>
            <Point>216,358</Point>
            <Point>295,358</Point>
            <Point>241,283</Point>
            <Point>278,283</Point>
        </WaterPoint>
    </MapInformation>
    <MapInformation>
        <Index>6</Index>
        <Name>6-searchMap.png</Name>
        <BlackTee>409,2231</BlackTee>
        <WhiteTee/>
        <GoldTee>414,2467</GoldTee>
        <BlueTee>414,2365</BlueTee>
        <RedTee/>
        <TrackPoint>
            <Point>519,1893</Point>
            <Point>549,1793</Point>
            <Point>600,1693</Point>
            <Point>604,1593</Point>
            <Point>653,1493</Point>
            <Point>709,1393</Point>
            <Point>732,1293</Point>
            <Point>785,1193</Point>
            <Point>808,1093</Point>
            <Point>769,993</Point>
            <Point>776,893</Point>
            <Point>773,793</Point>
            <Point>754,693</Point>
            <Point>742,593</Point>
            <Point>777,493</Point>
            <Point>790,393</Point>
        </TrackPoint>
        <BunkerPoints>
            <BunkerPoint>
                <DirType>down</DirType>
                <Point>704,1613</Point>
            </BunkerPoint>
            <BunkerPoint>
                <DirType>right</DirType>
                <Point>693,1598</Point>
            </BunkerPoint>
            <BunkerPoint>
                <DirType>left</DirType>
                <Point>775,1527</Point>
            </BunkerPoint>
            <BunkerPoint>
                <DirType>up</DirType>
                <Point>768,1503</Point>
            </BunkerPoint>
            <BunkerPoint>
                <DirType>down</DirType>
                <Point>628,914</Point>
            </BunkerPoint>
            <BunkerPoint>
                <DirType>left</DirType>
                <Point>715,784</Point>
            </BunkerPoint>
            <BunkerPoint>
                <DirType>right</DirType>
                <Point>578,677</Point>
            </BunkerPoint>
            <BunkerPoint>
                <DirType>up</DirType>
                <Point>594,658</Point>
            </BunkerPoint>
        </BunkerPoints>
        <WaterPoint>
            <Point>1136,1932</Point>
            <Point>1105,1857</Point>
            <Point>1174,1857</Point>
            <Point>1135,1782</Point>
            <Point>1213,1782</Point>
            <Point>1131,1707</Point>
            <Point>1292,1707</Point>
            <Point>1255,1632</Point>
            <Point>1307,1632</Point>
        </WaterPoint>
    </MapInformation>
    <MapInformation>
        <Index>7</Index>
        <Name>7-searchMap.png</Name>
        <BlackTee>293,622</BlackTee>
        <WhiteTee/>
        <GoldTee>260,809</GoldTee>
        <BlueTee>279,723</BlueTee>
        <RedTee>323,518</RedTee>
        <TrackPoint>
            <Point>316,319</Point>
        </TrackPoint>
        <BunkerPoints>
            <BunkerPoint>
                <DirType>down</DirType>
                <Point>247,147</Point>
            </BunkerPoint>
            <BunkerPoint>
                <DirType>down</DirType>
                <Point>200,138</Point>
            </BunkerPoint>
            <BunkerPoint>
                <DirType>right</DirType>
                <Point>231,121</Point>
            </BunkerPoint>
            <BunkerPoint>
                <DirType>left</DirType>
                <Point>277,110</Point>
            </BunkerPoint>
            <BunkerPoint>
                <DirType>right</DirType>
                <Point>153,104</Point>
            </BunkerPoint>
            <BunkerPoint>
                <DirType>up</DirType>
                <Point>261,93</Point>
            </BunkerPoint>
            <BunkerPoint>
                <DirType>left</DirType>
                <Point>225,90</Point>
            </BunkerPoint>
            <BunkerPoint>
                <DirType>up</DirType>
                <Point>180,81</Point>
            </BunkerPoint>
        </BunkerPoints>
        <WaterPoint>
            <Point>190,523</Point>
            <Point>119,448</Point>
            <Point>257,448</Point>
            <Point>112,373</Point>
            <Point>273,373</Point>
            <Point>48,298</Point>
            <Point>272,298</Point>
            <Point>64,223</Point>
            <Point>159,223</Point>
        </WaterPoint>
    </MapInformation>
    <MapInformation>
        <Index>8</Index>
        <Name>8-searchMap.png</Name>
        <BlackTee>480,2039</BlackTee>
        <WhiteTee/>
        <GoldTee>331,2234</GoldTee>
        <BlueTee>402,2156</BlueTee>
        <RedTee>557,1893</RedTee>
        <TrackPoint>
            <Point>632,1691</Point>
            <Point>656,1591</Point>
            <Point>720,1491</Point>
            <Point>795,1391</Point>
            <Point>833,1291</Point>
            <Point>812,1191</Point>
            <Point>816,1091</Point>
            <Point>821,991</Point>
            <Point>814,891</Point>
            <Point>732,791</Point>
            <Point>811,691</Point>
            <Point>495,591</Point>
            <Point>484,491</Point>
            <Point>505,391</Point>
        </TrackPoint>
        <BunkerPoints>
            <BunkerPoint>
                <DirType>down</DirType>
                <Point>653,1390</Point>
            </BunkerPoint>
            <BunkerPoint>
                <DirType>right</DirType>
                <Point>616,1360</Point>
            </BunkerPoint>
            <BunkerPoint>
                <DirType>left</DirType>
                <Point>721,1303</Point>
            </BunkerPoint>
            <BunkerPoint>
                <DirType>up</DirType>
                <Point>686,1249</Point>
            </BunkerPoint>
            <BunkerPoint>
                <DirType>down</DirType>
                <Point>825,863</Point>
            </BunkerPoint>
            <BunkerPoint>
                <DirType>right</DirType>
                <Point>804,841</Point>
            </BunkerPoint>
            <BunkerPoint>
                <DirType>left</DirType>
                <Point>901,822</Point>
            </BunkerPoint>
            <BunkerPoint>
                <DirType>up</DirType>
                <Point>820,785</Point>
            </BunkerPoint>
            <BunkerPoint>
                <DirType>down</DirType>
                <Point>538,702</Point>
            </BunkerPoint>
            <BunkerPoint>
                <DirType>right</DirType>
                <Point>529,686</Point>
            </BunkerPoint>
            <BunkerPoint>
                <DirType>left</DirType>
                <Point>587,654</Point>
            </BunkerPoint>
            <BunkerPoint>
                <DirType>up</DirType>
                <Point>574,644</Point>
            </BunkerPoint>
            <BunkerPoint>
                <DirType>down</DirType>
                <Point>611,533</Point>
            </BunkerPoint>
            <BunkerPoint>
                <DirType>down</DirType>
                <Point>402,451</Point>
            </BunkerPoint>
            <BunkerPoint>
                <DirType>right</DirType>
                <Point>592,448</Point>
            </BunkerPoint>
            <BunkerPoint>
                <DirType>left</DirType>
                <Point>643,446</Point>
            </BunkerPoint>
            <BunkerPoint>
                <DirType>up</DirType>
                <Point>605,423</Point>
            </BunkerPoint>
            <BunkerPoint>
                <DirType>left</DirType>
                <Point>420,420</Point>
            </BunkerPoint>
            <BunkerPoint>
                <DirType>right</DirType>
                <Point>375,409</Point>
            </BunkerPoint>
            <BunkerPoint>
                <DirType>down</DirType>
                <Point>422,403</Point>
            </BunkerPoint>
            <BunkerPoint>
                <DirType>left</DirType>
                <Point>433,381</Point>
            </BunkerPoint>
            <BunkerPoint>
                <DirType>up</DirType>
                <Point>381,378</Point>
            </BunkerPoint>
            <BunkerPoint>
                <DirType>down</DirType>
                <Point>582,353</Point>
            </BunkerPoint>
            <BunkerPoint>
                <DirType>right</DirType>
                <Point>386,345</Point>
            </BunkerPoint>
            <BunkerPoint>
                <DirType>up</DirType>
                <Point>399,332</Point>
            </BunkerPoint>
            <BunkerPoint>
                <DirType>right</DirType>
                <Point>564,323</Point>
            </BunkerPoint>
            <BunkerPoint>
                <DirType>left</DirType>
                <Point>597,267</Point>
            </BunkerPoint>
            <BunkerPoint>
                <DirType>up</DirType>
                <Point>578,245</Point>
            </BunkerPoint>
        </BunkerPoints>
        <WaterPoint>
            <Point>414,1541</Point>
            <Point>435,1466</Point>
        </WaterPoint>
    </MapInformation>
    <MapInformation>
        <Index>9</Index>
        <Name>9-searchMap.png</Name>
        <BlackTee>602,1734</BlackTee>
        <WhiteTee/>
        <GoldTee>531,1921</GoldTee>
        <BlueTee>575,1830</BlueTee>
        <RedTee>571,1613</RedTee>
        <TrackPoint>
            <Point>480,1342</Point>
            <Point>471,1242</Point>
            <Point>463,1142</Point>
            <Point>436,1042</Point>
            <Point>426,942</Point>
            <Point>484,842</Point>
            <Point>503,742</Point>
            <Point>507,642</Point>
            <Point>555,542</Point>
            <Point>437,442</Point>
            <Point>459,342</Point>
        </TrackPoint>
        <BunkerPoints>
            <BunkerPoint>
                <DirType>down</DirType>
                <Point>528,1018</Point>
            </BunkerPoint>
            <BunkerPoint>
                <DirType>right</DirType>
                <Point>507,1006</Point>
            </BunkerPoint>
            <BunkerPoint>
                <DirType>left</DirType>
                <Point>578,969</Point>
            </BunkerPoint>
            <BunkerPoint>
                <DirType>up</DirType>
                <Point>542,912</Point>
            </BunkerPoint>
        </BunkerPoints>
        <WaterPoint>
            <Point>313,748</Point>
            <Point>344,673</Point>
            <Point>593,417</Point>
            <Point>526,342</Point>
            <Point>729,342</Point>
        </WaterPoint>
    </MapInformation>
    <MapInformation>
        <Index>10</Index>
        <Name>10-searchMap.png</Name>
        <BlackTee>503,1480</BlackTee>
        <WhiteTee/>
        <GoldTee>418,1645</GoldTee>
        <BlueTee>471,1571</BlueTee>
        <RedTee>581,1305</RedTee>
        <TrackPoint>
            <Point>519,1187</Point>
            <Point>530,1087</Point>
            <Point>553,987</Point>
            <Point>562,887</Point>
            <Point>610,787</Point>
            <Point>614,687</Point>
            <Point>523,587</Point>
            <Point>441,487</Point>
            <Point>351,387</Point>
        </TrackPoint>
        <BunkerPoints>
            <BunkerPoint>
                <DirType>down</DirType>
                <Point>423,849</Point>
            </BunkerPoint>
            <BunkerPoint>
                <DirType>right</DirType>
                <Point>409,828</Point>
            </BunkerPoint>
            <BunkerPoint>
                <DirType>left</DirType>
                <Point>489,809</Point>
            </BunkerPoint>
            <BunkerPoint>
                <DirType>down</DirType>
                <Point>474,784</Point>
            </BunkerPoint>
            <BunkerPoint>
                <DirType>left</DirType>
                <Point>494,758</Point>
            </BunkerPoint>
            <BunkerPoint>
                <DirType>up</DirType>
                <Point>414,729</Point>
            </BunkerPoint>
            <BunkerPoint>
                <DirType>right</DirType>
                <Point>417,670</Point>
            </BunkerPoint>
            <BunkerPoint>
                <DirType>up</DirType>
                <Point>428,644</Point>
            </BunkerPoint>
            <BunkerPoint>
                <DirType>down</DirType>
                <Point>254,439</Point>
            </BunkerPoint>
            <BunkerPoint>
                <DirType>left</DirType>
                <Point>311,422</Point>
            </BunkerPoint>
            <BunkerPoint>
                <DirType>right</DirType>
                <Point>212,381</Point>
            </BunkerPoint>
            <BunkerPoint>
                <DirType>up</DirType>
                <Point>258,366</Point>
            </BunkerPoint>
            <BunkerPoint>
                <DirType>down</DirType>
                <Point>330,266</Point>
            </BunkerPoint>
            <BunkerPoint>
                <DirType>left</DirType>
                <Point>346,255</Point>
            </BunkerPoint>
            <BunkerPoint>
                <DirType>right</DirType>
                <Point>200,192</Point>
            </BunkerPoint>
            <BunkerPoint>
                <DirType>up</DirType>
                <Point>247,144</Point>
            </BunkerPoint>
        </BunkerPoints>
        <WaterPoint/>
    </MapInformation>
    <MapInformation>
        <Index>11</Index>
        <Name>11-searchMap.png</Name>
        <BlackTee>634,2029</BlackTee>
        <WhiteTee/>
        <GoldTee>483,2341</GoldTee>
        <BlueTee>594,2130</BlueTee>
        <RedTee>657,1906</RedTee>
        <TrackPoint>
            <Point>768,1606</Point>
            <Point>762,1506</Point>
            <Point>764,1406</Point>
            <Point>739,1306</Point>
            <Point>736,1206</Point>
            <Point>761,1106</Point>
            <Point>766,1006</Point>
            <Point>767,906</Point>
            <Point>760,806</Point>
            <Point>705,706</Point>
            <Point>701,538</Point>
            <Point>710,438</Point>
            <Point>728,338</Point>
        </TrackPoint>
        <BunkerPoints>
            <BunkerPoint>
                <DirType>down</DirType>
                <Point>864,1316</Point>
            </BunkerPoint>
            <BunkerPoint>
                <DirType>right</DirType>
                <Point>823,1288</Point>
            </BunkerPoint>
            <BunkerPoint>
                <DirType>left</DirType>
                <Point>884,1253</Point>
            </BunkerPoint>
            <BunkerPoint>
                <DirType>up</DirType>
                <Point>842,1230</Point>
            </BunkerPoint>
        </BunkerPoints>
        <WaterPoint/>
    </MapInformation>
    <MapInformation>
        <Index>12</Index>
        <Name>12-searchMap.png</Name>
        <BlackTee>250,727</BlackTee>
        <WhiteTee/>
        <GoldTee>99,913</GoldTee>
        <BlueTee>214,844</BlueTee>
        <RedTee>252,620</RedTee>
        <TrackPoint>
            <Point>279,468</Point>
            <Point>327,368</Point>
            <Point>364,268</Point>
        </TrackPoint>
        <BunkerPoints>
            <BunkerPoint>
                <DirType>down</DirType>
                <Point>270,366</Point>
            </BunkerPoint>
            <BunkerPoint>
                <DirType>down</DirType>
                <Point>227,349</Point>
            </BunkerPoint>
            <BunkerPoint>
                <DirType>right</DirType>
                <Point>255,325</Point>
            </BunkerPoint>
            <BunkerPoint>
                <DirType>left</DirType>
                <Point>247,317</Point>
            </BunkerPoint>
            <BunkerPoint>
                <DirType>right</DirType>
                <Point>192,303</Point>
            </BunkerPoint>
            <BunkerPoint>
                <DirType>left</DirType>
                <Point>321,296</Point>
            </BunkerPoint>
            <BunkerPoint>
                <DirType>up</DirType>
                <Point>202,293</Point>
            </BunkerPoint>
            <BunkerPoint>
                <DirType>up</DirType>
                <Point>278,259</Point>
            </BunkerPoint>
            <BunkerPoint>
                <DirType>down</DirType>
                <Point>327,140</Point>
            </BunkerPoint>
            <BunkerPoint>
                <DirType>left</DirType>
                <Point>375,105</Point>
            </BunkerPoint>
            <BunkerPoint>
                <DirType>right</DirType>
                <Point>308,104</Point>
            </BunkerPoint>
            <BunkerPoint>
                <DirType>up</DirType>
                <Point>358,88</Point>
            </BunkerPoint>
        </BunkerPoints>
        <WaterPoint/>
    </MapInformation>
    <MapInformation>
        <Index>13</Index>
        <Name>13-searchMap.png</Name>
        <BlackTee>566,1716</BlackTee>
        <WhiteTee/>
        <GoldTee>646,1983</GoldTee>
        <BlueTee>598,1888</BlueTee>
        <RedTee>557,1610</RedTee>
        <TrackPoint>
            <Point>475,1345</Point>
            <Point>487,1245</Point>
            <Point>519,1145</Point>
            <Point>550,1045</Point>
            <Point>544,945</Point>
            <Point>553,845</Point>
            <Point>557,745</Point>
            <Point>570,645</Point>
            <Point>577,545</Point>
            <Point>543,445</Point>
        </TrackPoint>
        <BunkerPoints>
            <BunkerPoint>
                <DirType>down</DirType>
                <Point>640,960</Point>
            </BunkerPoint>
            <BunkerPoint>
                <DirType>right</DirType>
                <Point>614,902</Point>
            </BunkerPoint>
            <BunkerPoint>
                <DirType>left</DirType>
                <Point>662,901</Point>
            </BunkerPoint>
            <BunkerPoint>
                <DirType>up</DirType>
                <Point>642,872</Point>
            </BunkerPoint>
            <BunkerPoint>
                <DirType>down</DirType>
                <Point>610,435</Point>
            </BunkerPoint>
            <BunkerPoint>
                <DirType>left</DirType>
                <Point>625,419</Point>
            </BunkerPoint>
            <BunkerPoint>
                <DirType>right</DirType>
                <Point>579,391</Point>
            </BunkerPoint>
            <BunkerPoint>
                <DirType>up</DirType>
                <Point>587,382</Point>
            </BunkerPoint>
            <BunkerPoint>
                <DirType>down</DirType>
                <Point>640,256</Point>
            </BunkerPoint>
            <BunkerPoint>
                <DirType>left</DirType>
                <Point>688,225</Point>
            </BunkerPoint>
            <BunkerPoint>
                <DirType>right</DirType>
                <Point>626,213</Point>
            </BunkerPoint>
            <BunkerPoint>
                <DirType>up</DirType>
                <Point>633,204</Point>
            </BunkerPoint>
        </BunkerPoints>
        <WaterPoint/>
    </MapInformation>
    <MapInformation>
        <Index>14</Index>
        <Name>14-searchMap.png</Name>
        <BlackTee>614,1882</BlackTee>
        <WhiteTee/>
        <GoldTee>740,2076</GoldTee>
        <BlueTee>672,1992</BlueTee>
        <RedTee>558,1356</RedTee>
        <TrackPoint>
            <Point>628,1404</Point>
            <Point>637,1304</Point>
            <Point>621,1204</Point>
            <Point>639,1104</Point>
            <Point>622,1004</Point>
            <Point>616,904</Point>
            <Point>606,804</Point>
            <Point>609,704</Point>
            <Point>621,604</Point>
            <Point>432,504</Point>
            <Point>387,404</Point>
        </TrackPoint>
        <BunkerPoints>
            <BunkerPoint>
                <DirType>down</DirType>
                <Point>713,999</Point>
            </BunkerPoint>
            <BunkerPoint>
                <DirType>right</DirType>
                <Point>708,980</Point>
            </BunkerPoint>
            <BunkerPoint>
                <DirType>left</DirType>
                <Point>752,966</Point>
            </BunkerPoint>
            <BunkerPoint>
                <DirType>up</DirType>
                <Point>734,917</Point>
            </BunkerPoint>
            <BunkerPoint>
                <DirType>down</DirType>
                <Point>482,430</Point>
            </BunkerPoint>
            <BunkerPoint>
                <DirType>right</DirType>
                <Point>445,400</Point>
            </BunkerPoint>
            <BunkerPoint>
                <DirType>left</DirType>
                <Point>519,382</Point>
            </BunkerPoint>
            <BunkerPoint>
                <DirType>up</DirType>
                <Point>510,372</Point>
            </BunkerPoint>
            <BunkerPoint>
                <DirType>down</DirType>
                <Point>400,338</Point>
            </BunkerPoint>
            <BunkerPoint>
                <DirType>right</DirType>
                <Point>388,328</Point>
            </BunkerPoint>
            <BunkerPoint>
                <DirType>left</DirType>
                <Point>440,304</Point>
            </BunkerPoint>
            <BunkerPoint>
                <DirType>down</DirType>
                <Point>447,283</Point>
            </BunkerPoint>
            <BunkerPoint>
                <DirType>up</DirType>
                <Point>427,268</Point>
            </BunkerPoint>
            <BunkerPoint>
                <DirType>left</DirType>
                <Point>462,246</Point>
            </BunkerPoint>
            <BunkerPoint>
                <DirType>right</DirType>
                <Point>425,241</Point>
            </BunkerPoint>
            <BunkerPoint>
                <DirType>up</DirType>
                <Point>454,227</Point>
            </BunkerPoint>
        </BunkerPoints>
        <WaterPoint/>
    </MapInformation>
    <MapInformation>
        <Index>15</Index>
        <Name>15-searchMap.png</Name>
        <BlackTee>675,1807</BlackTee>
        <WhiteTee/>
        <GoldTee>814,2125</GoldTee>
        <BlueTee>744,2003</BlueTee>
        <RedTee>595,1609</RedTee>
        <TrackPoint>
            <Point>616,1456</Point>
            <Point>609,1356</Point>
            <Point>566,1256</Point>
            <Point>520,1156</Point>
            <Point>503,1056</Point>
            <Point>497,956</Point>
            <Point>505,856</Point>
            <Point>509,756</Point>
            <Point>488,656</Point>
            <Point>638,556</Point>
        </TrackPoint>
        <BunkerPoints>
            <BunkerPoint>
                <DirType>down</DirType>
                <Point>676,471</Point>
            </BunkerPoint>
            <BunkerPoint>
                <DirType>right</DirType>
                <Point>668,463</Point>
            </BunkerPoint>
            <BunkerPoint>
                <DirType>left</DirType>
                <Point>715,392</Point>
            </BunkerPoint>
            <BunkerPoint>
                <DirType>up</DirType>
                <Point>687,379</Point>
            </BunkerPoint>
        </BunkerPoints>
        <WaterPoint/>
    </MapInformation>
    <MapInformation>
        <Index>16</Index>
        <Name>16-searchMap.png</Name>
        <BlackTee>301,918</BlackTee>
        <WhiteTee/>
        <GoldTee>404,1050</GoldTee>
        <BlueTee>329,1033</BlueTee>
        <RedTee>267,763</RedTee>
        <TrackPoint>
            <Point>280,516</Point>
            <Point>292,416</Point>
            <Point>309,316</Point>
        </TrackPoint>
        <BunkerPoints>
            <BunkerPoint>
                <DirType>right</DirType>
                <Point>230,301</Point>
            </BunkerPoint>
            <BunkerPoint>
                <DirType>right</DirType>
                <Point>379,296</Point>
            </BunkerPoint>
            <BunkerPoint>
                <DirType>down</DirType>
                <Point>360,279</Point>
            </BunkerPoint>
            <BunkerPoint>
                <DirType>left</DirType>
                <Point>404,270</Point>
            </BunkerPoint>
            <BunkerPoint>
                <DirType>left</DirType>
                <Point>251,263</Point>
            </BunkerPoint>
            <BunkerPoint>
                <DirType>down</DirType>
                <Point>197,239</Point>
            </BunkerPoint>
            <BunkerPoint>
                <DirType>up</DirType>
                <Point>203,229</Point>
            </BunkerPoint>
            <BunkerPoint>
                <DirType>up</DirType>
                <Point>387,227</Point>
            </BunkerPoint>
        </BunkerPoints>
        <WaterPoint/>
    </MapInformation>
    <MapInformation>
        <Index>17</Index>
        <Name>17-searchMap.png</Name>
        <BlackTee>541,1651</BlackTee>
        <WhiteTee/>
        <GoldTee>421,1903</GoldTee>
        <BlueTee>477,1844</BlueTee>
        <RedTee>526,1465</RedTee>
        <TrackPoint>
            <Point>438,1514</Point>
            <Point>433,1414</Point>
            <Point>431,1314</Point>
            <Point>428,1214</Point>
            <Point>431,1114</Point>
            <Point>410,1014</Point>
            <Point>446,914</Point>
            <Point>466,814</Point>
            <Point>518,714</Point>
            <Point>555,614</Point>
            <Point>676,514</Point>
            <Point>700,414</Point>
        </TrackPoint>
        <BunkerPoints>
            <BunkerPoint>
                <DirType>down</DirType>
                <Point>565,1014</Point>
            </BunkerPoint>
            <BunkerPoint>
                <DirType>right</DirType>
                <Point>522,991</Point>
            </BunkerPoint>
            <BunkerPoint>
                <DirType>down</DirType>
                <Point>303,970</Point>
            </BunkerPoint>
            <BunkerPoint>
                <DirType>right</DirType>
                <Point>285,931</Point>
            </BunkerPoint>
            <BunkerPoint>
                <DirType>left</DirType>
                <Point>608,898</Point>
            </BunkerPoint>
            <BunkerPoint>
                <DirType>left</DirType>
                <Point>366,871</Point>
            </BunkerPoint>
            <BunkerPoint>
                <DirType>up</DirType>
                <Point>570,839</Point>
            </BunkerPoint>
            <BunkerPoint>
                <DirType>up</DirType>
                <Point>348,823</Point>
            </BunkerPoint>
            <BunkerPoint>
                <DirType>down</DirType>
                <Point>753,343</Point>
            </BunkerPoint>
            <BunkerPoint>
                <DirType>right</DirType>
                <Point>731,317</Point>
            </BunkerPoint>
            <BunkerPoint>
                <DirType>left</DirType>
                <Point>789,291</Point>
            </BunkerPoint>
            <BunkerPoint>
                <DirType>up</DirType>
                <Point>771,273</Point>
            </BunkerPoint>
            <BunkerPoint>
                <DirType>down</DirType>
                <Point>699,203</Point>
            </BunkerPoint>
            <BunkerPoint>
                <DirType>right</DirType>
                <Point>670,184</Point>
            </BunkerPoint>
            <BunkerPoint>
                <DirType>left</DirType>
                <Point>726,176</Point>
            </BunkerPoint>
            <BunkerPoint>
                <DirType>up</DirType>
                <Point>685,157</Point>
            </BunkerPoint>
        </BunkerPoints>
        <WaterPoint>
            <Point>385,575</Point>
            <Point>366,500</Point>
            <Point>582,500</Point>
            <Point>428,425</Point>
            <Point>661,425</Point>
            <Point>449,350</Point>
            <Point>636,350</Point>
            <Point>466,275</Point>
            <Point>616,275</Point>
        </WaterPoint>
    </MapInformation>
    <MapInformation>
        <Index>18</Index>
        <Name>18-searchMap.png</Name>
        <BlackTee>671,1820</BlackTee>
        <WhiteTee/>
        <GoldTee>851,2059</GoldTee>
        <BlueTee>787,2035</BlueTee>
        <RedTee>408,1564</RedTee>
        <TrackPoint>
            <Point>353,1511</Point>
            <Point>355,1411</Point>
            <Point>339,1311</Point>
            <Point>306,1211</Point>
            <Point>333,1111</Point>
            <Point>363,1011</Point>
            <Point>381,911</Point>
            <Point>417,811</Point>
            <Point>461,711</Point>
            <Point>532,611</Point>
            <Point>649,511</Point>
            <Point>670,411</Point>
        </TrackPoint>
        <BunkerPoints>
            <BunkerPoint>
                <DirType>down</DirType>
                <Point>438,1285</Point>
            </BunkerPoint>
            <BunkerPoint>
                <DirType>right</DirType>
                <Point>399,1218</Point>
            </BunkerPoint>
            <BunkerPoint>
                <DirType>left</DirType>
                <Point>480,1203</Point>
            </BunkerPoint>
            <BunkerPoint>
                <DirType>up</DirType>
                <Point>418,1170</Point>
            </BunkerPoint>
            <BunkerPoint>
                <DirType>down</DirType>
                <Point>514,565</Point>
            </BunkerPoint>
            <BunkerPoint>
                <DirType>right</DirType>
                <Point>477,517</Point>
            </BunkerPoint>
            <BunkerPoint>
                <DirType>left</DirType>
                <Point>562,512</Point>
            </BunkerPoint>
            <BunkerPoint>
                <DirType>up</DirType>
                <Point>514,459</Point>
            </BunkerPoint>
            <BunkerPoint>
                <DirType>down</DirType>
                <Point>840,417</Point>
            </BunkerPoint>
            <BunkerPoint>
                <DirType>right</DirType>
                <Point>824,407</Point>
            </BunkerPoint>
            <BunkerPoint>
                <DirType>down</DirType>
                <Point>558,391</Point>
            </BunkerPoint>
            <BunkerPoint>
                <DirType>right</DirType>
                <Point>546,385</Point>
            </BunkerPoint>
            <BunkerPoint>
                <DirType>left</DirType>
                <Point>900,384</Point>
            </BunkerPoint>
            <BunkerPoint>
                <DirType>down</DirType>
                <Point>954,383</Point>
            </BunkerPoint>
            <BunkerPoint>
                <DirType>right</DirType>
                <Point>950,375</Point>
            </BunkerPoint>
            <BunkerPoint>
                <DirType>up</DirType>
                <Point>849,368</Point>
            </BunkerPoint>
            <BunkerPoint>
                <DirType>left</DirType>
                <Point>996,359</Point>
            </BunkerPoint>
            <BunkerPoint>
                <DirType>up</DirType>
                <Point>986,350</Point>
            </BunkerPoint>
            <BunkerPoint>
                <DirType>left</DirType>
                <Point>608,330</Point>
            </BunkerPoint>
            <BunkerPoint>
                <DirType>up</DirType>
                <Point>597,323</Point>
            </BunkerPoint>
        </BunkerPoints>
        <WaterPoint/>
    </MapInformation>
</GolfMapInformation>
