<?xml version="1.0" encoding="UTF-8" ?>
<GolfTracks>
<GolfTrack>
	<MapImageName>Hole_1.jpg</MapImageName>
	<MapIndex>1</MapIndex>
	<NextMapIndex>2</NextMapIndex>
	<IsBeginMap>1</IsBeginMap>
	<ImageSize>1170,2080</ImageSize>
	<PixelSize>0.2497</PixelSize>
	<TrackCenterPoint>738,298</TrackCenterPoint>
    <GPSCenterPoint>39.355715,-84.222671</GPSCenterPoint>
    <Rotation>180</Rotation>

	<GreenMapName>Green-1.jpg</GreenMapName>
	<HeightMapName>H1.png</HeightMapName>
	<GreenMapPixelSize>0.05</GreenMapPixelSize>
	<GreenCenterPoint>502,544</GreenCenterPoint>
    <GreenImageSize>1000,1100</GreenImageSize>
    <LineHeight>0</LineHeight>
    <IsHasGreen>0</IsHasGreen>
</GolfTrack>

<GolfTrack>
	<MapImageName>Hole_2.jpg</MapImageName>
	<MapIndex>2</MapIndex>
	<NextMapIndex>3</NextMapIndex>
	<ImageSize>1098,1952</ImageSize>
	<PixelSize>0.2497</PixelSize>
	<TrackCenterPoint>444,232</TrackCenterPoint>
    <GPSCenterPoint>39.353470,-84.223941</GPSCenterPoint>
    <Rotation>-135</Rotation>
    
    <GreenMapName>Green-2.jpg</GreenMapName>
	<HeightMapName>H2.png</HeightMapName>
    <GreenMapPixelSize>0.05</GreenMapPixelSize>
    <GreenCenterPoint>520,462</GreenCenterPoint>
    <GreenImageSize>1000,1100</GreenImageSize>
    <LineHeight>0</LineHeight>
    <IsHasGreen>0</IsHasGreen>
</GolfTrack>

<GolfTrack>
	<MapImageName>Hole_3.jpg</MapImageName>
	<MapIndex>3</MapIndex>
	<NextMapIndex>4</NextMapIndex>
	<ImageSize>1134,2016</ImageSize>
	<PixelSize>0.2497</PixelSize>
	<TrackCenterPoint>654,238</TrackCenterPoint>
    <GPSCenterPoint>39.349913,-84.225644</GPSCenterPoint>
    <Rotation>-150</Rotation>
    
	<GreenMapName>Green-3.jpg</GreenMapName>
	<HeightMapName>H3.png</HeightMapName>
    <GreenMapPixelSize>0.05</GreenMapPixelSize>
    <GreenCenterPoint>524,564</GreenCenterPoint>
    <GreenImageSize>1000,1100</GreenImageSize>
    <LineHeight>0</LineHeight>
    <IsHasGreen>0</IsHasGreen>
</GolfTrack>

<GolfTrack>
	<MapImageName>Hole_4.jpg</MapImageName>
	<MapIndex>4</MapIndex>
	<NextMapIndex>5</NextMapIndex>
	<ImageSize>936,1664</ImageSize>
	<PixelSize>0.2497</PixelSize>
	<TrackCenterPoint>477,206</TrackCenterPoint>
    <GPSCenterPoint>39.352680,-84.224111</GPSCenterPoint>
    <Rotation>30</Rotation>
    
	<GreenMapName>Green-4.jpg</GreenMapName>
	<HeightMapName>H4.png</HeightMapName>
    <GreenMapPixelSize>0.05</GreenMapPixelSize>
    <GreenCenterPoint>484,532</GreenCenterPoint>
    <GreenImageSize>1000,1100</GreenImageSize>
    <LineHeight>0</LineHeight>
    <IsHasGreen>0</IsHasGreen>
</GolfTrack>

<GolfTrack>
	<MapImageName>Hole_5.jpg</MapImageName>
	<MapIndex>5</MapIndex>
	<NextMapIndex>6</NextMapIndex>
	<ImageSize>576,1024</ImageSize>
	<PixelSize>0.2497</PixelSize>
	<TrackCenterPoint>286,211</TrackCenterPoint>
    <GPSCenterPoint>39.354924,-84.224372</GPSCenterPoint>
    <Rotation>0</Rotation>
    
	<GreenMapName>Green-5.jpg</GreenMapName>
	<HeightMapName>H5.png</HeightMapName>
    <GreenMapPixelSize>0.05</GreenMapPixelSize>
    <GreenCenterPoint>502,484</GreenCenterPoint>
    <GreenImageSize>1000,1100</GreenImageSize>
    <LineHeight>0</LineHeight>
    <IsHasGreen>0</IsHasGreen>
</GolfTrack>

<GolfTrack>
	<MapImageName>Hole_6.jpg</MapImageName>
	<MapIndex>6</MapIndex>
	<NextMapIndex>7</NextMapIndex>
	<ImageSize>1467,2608</ImageSize>
	<PixelSize>0.2497</PixelSize>
	<TrackCenterPoint>766,286</TrackCenterPoint>
    <GPSCenterPoint>39.359199,-84.222813</GPSCenterPoint>
    <Rotation>0</Rotation>
    
	<GreenMapName>Green-6.jpg</GreenMapName>
	<HeightMapName>H6.png</HeightMapName>
    <GreenMapPixelSize>0.05</GreenMapPixelSize>
    <GreenCenterPoint>500,556</GreenCenterPoint>
    <GreenImageSize>1000,1100</GreenImageSize>
    <LineHeight>0</LineHeight>
    <IsHasGreen>0</IsHasGreen>
</GolfTrack>

<GolfTrack>
	<MapImageName>Hole_7.jpg</MapImageName>
	<MapIndex>7</MapIndex>
	<NextMapIndex>8</NextMapIndex>
	<ImageSize>504,896</ImageSize>
	<PixelSize>0.2497</PixelSize>
	<TrackCenterPoint>210,181</TrackCenterPoint>
    <GPSCenterPoint>39.361696,-84.224002</GPSCenterPoint>
    <Rotation>0</Rotation>
    
	<GreenMapName>Green-7.jpg</GreenMapName>
	<HeightMapName>H7.png</HeightMapName>
    <GreenMapPixelSize>0.05</GreenMapPixelSize>
    <GreenCenterPoint>478,494</GreenCenterPoint>
    <GreenImageSize>1000,1100</GreenImageSize>
    <LineHeight>0</LineHeight>
    <IsHasGreen>0</IsHasGreen>
</GolfTrack>

<GolfTrack>
	<MapImageName>Hole_8.jpg</MapImageName>
	<MapIndex>8</MapIndex>
	<NextMapIndex>9</NextMapIndex>
	<ImageSize>1332,2368</ImageSize>
	<PixelSize>0.2497</PixelSize>
	<TrackCenterPoint>480,268</TrackCenterPoint>
    <GPSCenterPoint>39.365614,-84.225506</GPSCenterPoint>
    <Rotation>-30</Rotation>
    
	<GreenMapName>Green-8.jpg</GreenMapName>
	<HeightMapName>H8.png</HeightMapName>
    <GreenMapPixelSize>0.05</GreenMapPixelSize>
    <GreenCenterPoint>520,512</GreenCenterPoint>
    <GreenImageSize>1000,1100</GreenImageSize>
    <LineHeight>0</LineHeight>
    <IsHasGreen>0</IsHasGreen>
</GolfTrack>

<GolfTrack>	
	<MapImageName>Hole_9.jpg</MapImageName>
	<MapIndex>9</MapIndex>
	<NextMapIndex>10</NextMapIndex>
	<ImageSize>1152,2048</ImageSize>
	<PixelSize>0.2497</PixelSize>
	<TrackCenterPoint>608,243</TrackCenterPoint>
    <GPSCenterPoint>39.36225, -84.223967</GPSCenterPoint>
    <Rotation>150</Rotation>
    
	<GreenMapName>Green-9.jpg</GreenMapName>
	<HeightMapName>H9.png</HeightMapName>
    <GreenMapPixelSize>0.05</GreenMapPixelSize>
    <GreenCenterPoint>500,548</GreenCenterPoint>
    <GreenImageSize>1000,1100</GreenImageSize>
    <LineHeight>0</LineHeight>
    <IsHasGreen>0</IsHasGreen>
</GolfTrack>

<GolfTrack>
	<MapImageName>Hole_10.jpg</MapImageName>
	<MapIndex>10</MapIndex>
	<NextMapIndex>11</NextMapIndex>
	<ImageSize>981,1744</ImageSize>
	<PixelSize>0.2497</PixelSize>
	<TrackCenterPoint>243,284</TrackCenterPoint>
    <GPSCenterPoint>39.360073,-84.230343</GPSCenterPoint>
    <Rotation>-90</Rotation>
    
	<GreenMapName>Green-10.jpg</GreenMapName>
	<HeightMapName>H10.png</HeightMapName>
    <GreenMapPixelSize>0.05</GreenMapPixelSize>
    <GreenCenterPoint>506,548</GreenCenterPoint>
    <GreenImageSize>1000,1100</GreenImageSize>
    <LineHeight>0</LineHeight>
    <IsHasGreen>0</IsHasGreen>
</GolfTrack>

<GolfTrack>
	<MapImageName>Hole_11.jpg</MapImageName>
	<MapIndex>11</MapIndex>
	<NextMapIndex>12</NextMapIndex>
	<ImageSize>1386,2464</ImageSize>
	<PixelSize>0.2497</PixelSize>
	<TrackCenterPoint>690,244</TrackCenterPoint>
    <GPSCenterPoint>39.355406,-84.230947</GPSCenterPoint>
    <Rotation>180</Rotation>

	<GreenMapName>Green-11.jpg</GreenMapName>
	<HeightMapName>H11.png</HeightMapName>
    <GreenMapPixelSize>0.05</GreenMapPixelSize>
    <GreenCenterPoint>500,524</GreenCenterPoint>
    <GreenImageSize>1000,1100</GreenImageSize>
    <LineHeight>0</LineHeight>
    <IsHasGreen>0</IsHasGreen>
</GolfTrack>

<GolfTrack>
	<MapImageName>Hole_12.jpg</MapImageName>
	<MapIndex>12</MapIndex>
	<NextMapIndex>13</NextMapIndex>
	<ImageSize>567,1008</ImageSize>
	<PixelSize>0.2497</PixelSize>
	<TrackCenterPoint>332,189</TrackCenterPoint>
    <GPSCenterPoint>39.353631,-84.231119</GPSCenterPoint>
    <Rotation>180</Rotation>
    
	<GreenMapName>Green-12.jpg</GreenMapName>
	<HeightMapName>H12.png</HeightMapName>
    <GreenMapPixelSize>0.05</GreenMapPixelSize>
    <GreenCenterPoint>500,516</GreenCenterPoint>
    <GreenImageSize>1000,1100</GreenImageSize>
    <LineHeight>0</LineHeight>
    <IsHasGreen>0</IsHasGreen>
</GolfTrack>

<GolfTrack>
	<MapImageName>Hole_13.jpg</MapImageName>
	<MapIndex>13</MapIndex>
	<NextMapIndex>14</NextMapIndex>
	<ImageSize>1179,2096</ImageSize>
	<PixelSize>0.2497</PixelSize>
	<TrackCenterPoint>615,326</TrackCenterPoint>
    <GPSCenterPoint>39.349847,-84.234044</GPSCenterPoint>
    <Rotation>-150</Rotation>
    
	<GreenMapName>Green-13.jpg</GreenMapName>
	<HeightMapName>H13.png</HeightMapName>
    <GreenMapPixelSize>0.05</GreenMapPixelSize>
    <GreenCenterPoint>504,576</GreenCenterPoint>
    <GreenImageSize>1000,1100</GreenImageSize>
    <LineHeight>0</LineHeight>
    <IsHasGreen>0</IsHasGreen>
</GolfTrack>

<GolfTrack>
	<MapImageName>Hole_14.jpg</MapImageName>
	<MapIndex>14</MapIndex>
	<NextMapIndex>15</NextMapIndex>
	<ImageSize>1233,2192</ImageSize>
	<PixelSize>0.2497</PixelSize>
	<TrackCenterPoint>500,317</TrackCenterPoint>
    <GPSCenterPoint>39.353777,-84.232332</GPSCenterPoint>
    <Rotation>30</Rotation>
    
	<GreenMapName>Green-14.jpg</GreenMapName>
	<HeightMapName>H14.png</HeightMapName>
    <GreenMapPixelSize>0.05</GreenMapPixelSize>
    <GreenCenterPoint>510,578</GreenCenterPoint>
    <GreenImageSize>1000,1100</GreenImageSize>
    <LineHeight>0</LineHeight>
    <IsHasGreen>0</IsHasGreen>
</GolfTrack>

<GolfTrack>
	<MapImageName>Hole_15.jpg</MapImageName>
	<MapIndex>15</MapIndex>
	<NextMapIndex>16</NextMapIndex>
	<ImageSize>1269,2256</ImageSize>
	<PixelSize>0.2497</PixelSize>
	<TrackCenterPoint>630,367</TrackCenterPoint>
    <GPSCenterPoint>39.358194,-84.231824</GPSCenterPoint>
    <Rotation>0</Rotation>
    
	<GreenMapName>Green-15.jpg</GreenMapName>
	<HeightMapName>H15.png</HeightMapName>
    <GreenMapPixelSize>0.05</GreenMapPixelSize>
    <GreenCenterPoint>502,542</GreenCenterPoint>
    <GreenImageSize>1000,1100</GreenImageSize>
    <LineHeight>0</LineHeight>
    <IsHasGreen>0</IsHasGreen>
</GolfTrack>

<GolfTrack>
	<MapImageName>Hole_16.jpg</MapImageName>
	<MapIndex>16</MapIndex>
	<NextMapIndex>17</NextMapIndex>
	<ImageSize>648,1152</ImageSize>
	<PixelSize>0.2497</PixelSize>
	<TrackCenterPoint>298,213</TrackCenterPoint>
    <GPSCenterPoint>39.358400,-84.231260</GPSCenterPoint>
    <Rotation>45</Rotation>
    
	<GreenMapName>Green-16.jpg</GreenMapName>
	<HeightMapName>H16.png</HeightMapName>
    <GreenMapPixelSize>0.05</GreenMapPixelSize>
    <GreenCenterPoint>528,562</GreenCenterPoint>
    <GreenImageSize>1000,1100</GreenImageSize>
    <LineHeight>0</LineHeight>
    <IsHasGreen>0</IsHasGreen>
</GolfTrack>

<GolfTrack>						
	<MapImageName>Hole_17.jpg</MapImageName>
	<MapIndex>17</MapIndex>
	<NextMapIndex>18</NextMapIndex>
	<ImageSize>1135,2016</ImageSize>
	<PixelSize>0.2497</PixelSize>
	<TrackCenterPoint>697,282</TrackCenterPoint>
    <GPSCenterPoint>39.364310,-84.230004</GPSCenterPoint>
    <Rotation>0</Rotation>
    
	<GreenMapName>Green-17.jpg</GreenMapName>
	<HeightMapName>H17.png</HeightMapName>
    <GreenMapPixelSize>0.05</GreenMapPixelSize>
    <GreenCenterPoint>516,510</GreenCenterPoint>
    <GreenImageSize>1000,1100</GreenImageSize>
    <LineHeight>0</LineHeight>
    <IsHasGreen>0</IsHasGreen>
</GolfTrack>

<GolfTrack>
	<MapImageName>Hole_18.jpg</MapImageName>
	<MapIndex>18</MapIndex>
	<NextMapIndex>-1</NextMapIndex>
	<ImageSize>1224,2176</ImageSize>
	<PixelSize>0.2497</PixelSize>
	<TrackCenterPoint>917,309</TrackCenterPoint>
    <GPSCenterPoint>39.362171,-84.225655</GPSCenterPoint>
    <Rotation>135</Rotation>
    
	<GreenMapName>Green-18.jpg</GreenMapName>
	<HeightMapName>H18.png</HeightMapName>
    <GreenMapPixelSize>0.05</GreenMapPixelSize>
    <GreenCenterPoint>502,546</GreenCenterPoint>
    <GreenImageSize>1000,1100</GreenImageSize>
    <LineHeight>0</LineHeight>
    <IsHasGreen>0</IsHasGreen>
</GolfTrack>
</GolfTracks>
